size,layers,interval,repetition,algorithm,start,stop,step,pp_time,arcs,nnodes,dual,primal,gap,status,time
100,10,0.3,1,exact,0,0,0,0,910,5749,2057.81,2357,12.6939,Feasible,3600
100,10,0.3,1,faolp,0,0,0,4,273,0,0,2360,0,heuristic,3604
100,10,0.3,1,faolr,0,0,0,10,272,0,0,2359,0,heuristic,3600
100,10,0.3,1,faosp,0,0,0,4,102,0,0,2702,0,heuristic,4
100,10,0.3,1,vnd,0,0,0,0,910,0,0,2460,0,heuristic,246
100,10,0.3,2,exact,0,0,0,0,910,20182,4539.83,4790,5.22273,Feasible,3600
100,10,0.3,2,faolp,0,0,0,3,265,0,0,4797,0,heuristic,137
100,10,0.3,2,faolr,0,0,0,8,265,0,0,4797,0,heuristic,145
100,10,0.3,2,faosp,0,0,0,3,103,0,0,5698,0,heuristic,4
100,10,0.3,2,vnd,0,0,0,0,910,0,0,4867,0,heuristic,246
100,10,0.3,3,exact,0,0,0,0,910,36805,3876.73,3917,1.02799,Feasible,3600
100,10,0.3,3,faolp,0,0,0,4,265,0,0,3917,0,heuristic,149
100,10,0.3,3,faolr,0,0,0,8,265,0,0,3917,0,heuristic,156
100,10,0.3,3,faosp,0,0,0,4,104,0,0,4397,0,heuristic,4
100,10,0.3,3,vnd,0,0,0,0,910,0,0,4100,0,heuristic,366
100,10,0.3,4,exact,0,0,0,0,910,15955,3901.58,4215,7.43574,Feasible,3600
100,10,0.3,4,faolp,0,0,0,3,263,0,0,4219,0,heuristic,2928
100,10,0.3,4,faolr,0,0,0,8,263,0,0,4219,0,heuristic,3004
100,10,0.3,4,faosp,0,0,0,4,101,0,0,4869,0,heuristic,4
100,10,0.3,4,vnd,0,0,0,0,910,0,0,4261,0,heuristic,246
100,10,0.3,5,exact,0,0,0,0,910,9464,5301.41,6140,13.6579,Feasible,3600
100,10,0.3,5,faolp,0,0,0,3,286,0,0,6150,0,heuristic,2814
100,10,0.3,5,faolr,0,0,0,8,286,0,0,6150,0,heuristic,2902
100,10,0.3,5,faosp,0,0,0,4,105,0,0,7570,0,heuristic,4
100,10,0.3,5,vnd,0,0,0,0,910,0,0,6525,0,heuristic,246
100,10,0.6,1,exact,0,0,0,0,910,4723,1302.9,1303,0.00792226,Optimal,359
100,10,0.6,1,faolp,0,0,0,2,190,0,0,1308,0,heuristic,35
100,10,0.6,1,faolr,0,0,0,6,191,0,0,1308,0,heuristic,25
100,10,0.6,1,faosp,0,0,0,4,107,0,0,1598,0,heuristic,4
100,10,0.6,1,vnd,0,0,0,0,910,0,0,1305,0,heuristic,245
100,10,0.6,2,exact,0,0,0,0,910,4177,3678.66,3679,0.00927271,Optimal,380
100,10,0.6,2,faolp,0,0,0,2,186,0,0,3684,0,heuristic,17
100,10,0.6,2,faolr,0,0,0,4,186,0,0,3684,0,heuristic,20
100,10,0.6,2,faosp,0,0,0,4,104,0,0,4388,0,heuristic,4
100,10,0.6,2,vnd,0,0,0,0,910,0,0,3679,0,heuristic,305
100,10,0.6,3,exact,0,0,0,0,910,1430,1551,1551,0,Optimal,65
100,10,0.6,3,faolp,0,0,0,2,195,0,0,1563,0,heuristic,8
100,10,0.6,3,faolr,0,0,0,4,195,0,0,1563,0,heuristic,10
100,10,0.6,3,faosp,0,0,0,3,100,0,0,2154,0,heuristic,3
100,10,0.6,3,vnd,0,0,0,0,910,0,0,1551,0,heuristic,246
100,10,0.6,4,exact,0,0,0,0,910,6266,3382.68,3383,0.00959211,Optimal,479
100,10,0.6,4,faolp,0,0,0,2,203,0,0,3383,0,heuristic,20
100,10,0.6,4,faolr,0,0,0,5,203,0,0,3383,0,heuristic,23
100,10,0.6,4,faosp,0,0,0,4,103,0,0,3830,0,heuristic,4
100,10,0.6,4,vnd,0,0,0,0,910,0,0,3383,0,heuristic,306
100,10,0.6,5,exact,0,0,0,0,910,2842,2997.71,2998,0.00978284,Optimal,248
100,10,0.6,5,faolp,0,0,0,2,194,0,0,2998,0,heuristic,14
100,10,0.6,5,faolr,0,0,0,4,194,0,0,2998,0,heuristic,17
100,10,0.6,5,faosp,0,0,0,3,101,0,0,3605,0,heuristic,4
100,10,0.6,5,vnd,0,0,0,0,910,0,0,2998,0,heuristic,246
100,10,0.9,1,exact,0,0,0,0,910,0,265,265,0,Optimal,3
100,10,0.9,1,faolp,0,0,0,1,146,0,0,265,0,heuristic,1
100,10,0.9,1,faolr,0,0,0,2,146,0,0,265,0,heuristic,2
100,10,0.9,1,faosp,0,0,0,2,101,0,0,311,0,heuristic,3
100,10,0.9,1,vnd,0,0,0,0,910,0,0,265,0,heuristic,16
100,10,0.9,2,exact,0,0,0,0,910,85,1005,1005,0,Optimal,6
100,10,0.9,2,faolp,0,0,0,2,136,0,0,1005,0,heuristic,2
100,10,0.9,2,faolr,0,0,0,3,136,0,0,1005,0,heuristic,3
100,10,0.9,2,faosp,0,0,0,2,105,0,0,1048,0,heuristic,2
100,10,0.9,2,vnd,0,0,0,0,910,0,0,1005,0,heuristic,24
100,10,0.9,3,exact,0,0,0,0,910,0,519,519,0,Optimal,4
100,10,0.9,3,faolp,0,0,0,1,138,0,0,519,0,heuristic,1
100,10,0.9,3,faolr,0,0,0,2,138,0,0,519,0,heuristic,2
100,10,0.9,3,faosp,0,0,0,3,102,0,0,538,0,heuristic,3
100,10,0.9,3,vnd,0,0,0,0,910,0,0,519,0,heuristic,21
100,10,0.9,4,exact,0,0,0,0,910,67,1312,1312,0,Optimal,9
100,10,0.9,4,faolp,0,0,0,2,138,0,0,1312,0,heuristic,2
100,10,0.9,4,faolr,0,0,0,3,138,0,0,1312,0,heuristic,4
100,10,0.9,4,faosp,0,0,0,3,105,0,0,1457,0,heuristic,3
100,10,0.9,4,vnd,0,0,0,0,910,0,0,1312,0,heuristic,38
100,10,0.9,5,exact,0,0,0,0,910,0,1063,1063,0,Optimal,4
100,10,0.9,5,faolp,0,0,0,2,149,0,0,1063,0,heuristic,2
100,10,0.9,5,faolr,0,0,0,3,149,0,0,1063,0,heuristic,3
100,10,0.9,5,faosp,0,0,0,3,103,0,0,1223,0,heuristic,3
100,10,0.9,5,vnd,0,0,0,0,910,0,0,1063,0,heuristic,20
100,25,0.3,1,exact,0,0,0,0,1900,0,632,632,0,Optimal,5
100,25,0.3,1,faolp,0,0,0,2,205,0,0,632,0,heuristic,3
100,25,0.3,1,faolr,0,0,0,5,203,0,0,632,0,heuristic,6
100,25,0.3,1,faosp,0,0,0,8,100,0,0,721,0,heuristic,8
100,25,0.3,1,vnd,0,0,0,0,1900,0,0,632,0,heuristic,30
100,25,0.3,2,exact,0,0,0,0,1900,15,2870.78,2871,0.0077777,Optimal,11
100,25,0.3,2,faolp,0,0,0,2,242,0,0,2871,0,heuristic,4
100,25,0.3,2,faolr,0,0,0,7,242,0,0,2871,0,heuristic,8
100,25,0.3,2,faosp,0,0,0,9,100,0,0,3062,0,heuristic,9
100,25,0.3,2,vnd,0,0,0,0,1900,0,0,2871,0,heuristic,106
100,25,0.3,3,exact,0,0,0,0,1900,0,1229,1229,0,Optimal,7
100,25,0.3,3,faolp,0,0,0,2,203,0,0,1244,0,heuristic,3
100,25,0.3,3,faolr,0,0,0,5,203,0,0,1244,0,heuristic,6
100,25,0.3,3,faosp,0,0,0,8,101,0,0,1309,0,heuristic,8
100,25,0.3,3,vnd,0,0,0,0,1900,0,0,1229,0,heuristic,34
100,25,0.3,4,exact,0,0,0,0,1900,0,2024,2024,0,Optimal,9
100,25,0.3,4,faolp,0,0,0,2,247,0,0,2024,0,heuristic,3
100,25,0.3,4,faolr,0,0,0,6,247,0,0,2024,0,heuristic,7
100,25,0.3,4,faosp,0,0,0,9,105,0,0,2545,0,heuristic,10
100,25,0.3,4,vnd,0,0,0,0,1900,0,0,2024,0,heuristic,42
100,25,0.3,5,exact,0,0,0,0,1900,0,1993,1993,0,Optimal,7
100,25,0.3,5,faolp,0,0,0,2,231,0,0,1998,0,heuristic,3
100,25,0.3,5,faolr,0,0,0,7,231,0,0,1998,0,heuristic,7
100,25,0.3,5,faosp,0,0,0,9,103,0,0,2251,0,heuristic,10
100,25,0.3,5,vnd,0,0,0,0,1900,0,0,1993,0,heuristic,34
100,25,0.6,1,exact,0,0,0,0,1900,0,457,457,0,Optimal,7
100,25,0.6,1,faolp,0,0,0,1,202,0,0,461,0,heuristic,2
100,25,0.6,1,faolr,0,0,0,3,200,0,0,461,0,heuristic,4
100,25,0.6,1,faosp,0,0,0,6,102,0,0,526,0,heuristic,7
100,25,0.6,1,vnd,0,0,0,0,1900,0,0,457,0,heuristic,29
100,25,0.6,2,exact,0,0,0,0,1900,0,1202,1202,0,Optimal,5
100,25,0.6,2,faolp,0,0,0,2,172,0,0,1208,0,heuristic,2
100,25,0.6,2,faolr,0,0,0,4,172,0,0,1208,0,heuristic,5
100,25,0.6,2,faosp,0,0,0,6,102,0,0,1292,0,heuristic,6
100,25,0.6,2,vnd,0,0,0,0,1900,0,0,1202,0,heuristic,30
100,25,0.6,3,exact,0,0,0,0,1900,350,1247.9,1248,0.00799903,Optimal,8
100,25,0.6,3,faolp,0,0,0,2,193,0,0,1248,0,heuristic,3
100,25,0.6,3,faolr,0,0,0,5,193,0,0,1248,0,heuristic,7
100,25,0.6,3,faosp,0,0,0,5,103,0,0,1330,0,heuristic,6
100,25,0.6,3,vnd,0,0,0,0,1900,0,0,1248,0,heuristic,40
100,25,0.6,4,exact,0,0,0,0,1900,0,1006,1006,0,Optimal,4
100,25,0.6,4,faolp,0,0,0,1,180,0,0,1008,0,heuristic,2
100,25,0.6,4,faolr,0,0,0,3,180,0,0,1008,0,heuristic,4
100,25,0.6,4,faosp,0,0,0,5,103,0,0,1067,0,heuristic,6
100,25,0.6,4,vnd,0,0,0,0,1900,0,0,1006,0,heuristic,26
100,25,0.6,5,exact,0,0,0,0,1900,32,1601,1601,0,Optimal,10
100,25,0.6,5,faolp,0,0,0,2,191,0,0,1601,0,heuristic,3
100,25,0.6,5,faolr,0,0,0,4,190,0,0,1601,0,heuristic,5
100,25,0.6,5,faosp,0,0,0,6,107,0,0,1685,0,heuristic,6
100,25,0.6,5,vnd,0,0,0,0,1900,0,0,1601,0,heuristic,49
100,25,0.9,1,exact,0,0,0,0,1900,0,175,175,0,Optimal,3
100,25,0.9,1,faolp,0,0,0,1,141,0,0,175,0,heuristic,2
100,25,0.9,1,faolr,0,0,0,3,141,0,0,175,0,heuristic,3
100,25,0.9,1,faosp,0,0,0,4,100,0,0,181,0,heuristic,4
100,25,0.9,1,vnd,0,0,0,0,1900,0,0,175,0,heuristic,22
100,25,0.9,2,exact,0,0,0,0,1900,0,397,397,0,Optimal,4
100,25,0.9,2,faolp,0,0,0,1,132,0,0,397,0,heuristic,2
100,25,0.9,2,faolr,0,0,0,2,132,0,0,397,0,heuristic,3
100,25,0.9,2,faosp,0,0,0,3,100,0,0,467,0,heuristic,3
100,25,0.9,2,vnd,0,0,0,0,1900,0,0,397,0,heuristic,25
100,25,0.9,3,exact,0,0,0,0,1900,0,385,385,0,Optimal,5
100,25,0.9,3,faolp,0,0,0,1,142,0,0,385,0,heuristic,2
100,25,0.9,3,faolr,0,0,0,7,142,0,0,385,0,heuristic,7
100,25,0.9,3,faosp,0,0,0,4,106,0,0,389,0,heuristic,4
100,25,0.9,3,vnd,0,0,0,0,1900,0,0,385,0,heuristic,26
100,25,0.9,4,exact,0,0,0,0,1900,0,293,293,0,Optimal,3
100,25,0.9,4,faolp,0,0,0,1,129,0,0,293,0,heuristic,2
100,25,0.9,4,faolr,0,0,0,2,129,0,0,293,0,heuristic,3
100,25,0.9,4,faosp,0,0,0,3,101,0,0,374,0,heuristic,3
100,25,0.9,4,vnd,0,0,0,0,1900,0,0,293,0,heuristic,19
100,25,0.9,5,exact,0,0,0,0,1900,0,732,732,0,Optimal,4
100,25,0.9,5,faolp,0,0,0,2,151,0,0,733,0,heuristic,2
100,25,0.9,5,faolr,0,0,0,3,151,0,0,733,0,heuristic,3
100,25,0.9,5,faosp,0,0,0,3,102,0,0,826,0,heuristic,4
100,25,0.9,5,vnd,0,0,0,0,1900,0,0,732,0,heuristic,24
100,5,0.3,1,exact,0,0,0,0,480,12000,4569.44,5520,17.2202,Feasible,3600
100,5,0.3,1,faolp,0,0,0,3,253,0,0,5517,0,heuristic,3603
100,5,0.3,1,faolr,0,0,0,5,253,0,0,5517,0,heuristic,3600
100,5,0.3,1,faosp,0,0,0,5,111,0,0,5903,0,heuristic,5
100,5,0.3,1,vnd,0,0,0,0,480,0,0,5914,0,heuristic,303
100,5,0.3,2,exact,0,0,0,0,480,9411,10496.1,12064,12.9968,Feasible,3600
100,5,0.3,2,faolp,0,0,0,3,226,0,0,12111,0,heuristic,2583
100,5,0.3,2,faolr,0,0,0,6,226,0,0,12111,0,heuristic,2659
100,5,0.3,2,faosp,0,0,0,4,105,0,0,15817,0,heuristic,4
100,5,0.3,2,vnd,0,0,0,0,480,0,0,12935,0,heuristic,363
100,5,0.3,3,exact,0,0,0,0,480,23435,5949.86,6857,13.2293,Feasible,3600
100,5,0.3,3,faolp,0,0,0,2,224,0,0,6857,0,heuristic,296
100,5,0.3,3,faolr,0,0,0,4,224,0,0,6857,0,heuristic,305
100,5,0.3,3,faosp,0,0,0,3,106,0,0,7964,0,heuristic,3
100,5,0.3,3,vnd,0,0,0,0,480,0,0,7254,0,heuristic,243
100,5,0.3,4,exact,0,0,0,0,480,15539,8351.78,9524,12.308,Feasible,3600
100,5,0.3,4,faolp,0,0,0,2,226,0,0,9524,0,heuristic,487
100,5,0.3,4,faolr,0,0,0,3,226,0,0,9524,0,heuristic,500
100,5,0.3,4,faosp,0,0,0,5,108,0,0,11241,0,heuristic,5
100,5,0.3,4,vnd,0,0,0,0,480,0,0,9573,0,heuristic,483
100,5,0.3,5,exact,0,0,0,0,480,24620,11499.5,13437,14.4192,Feasible,3600
100,5,0.3,5,faolp,0,0,0,2,237,0,0,13377,0,heuristic,3602
100,5,0.3,5,faolr,0,0,0,5,237,0,0,13377,0,heuristic,3600
100,5,0.3,5,faosp,0,0,0,7,112,0,0,16944,0,heuristic,7
100,5,0.3,5,vnd,0,0,0,0,480,0,0,13677,0,heuristic,303
100,5,0.6,1,exact,0,0,0,0,480,2103,1486,1486,0,Optimal,196
100,5,0.6,1,faolp,0,0,0,1,152,0,0,1493,0,heuristic,2
100,5,0.6,1,faolr,0,0,0,2,152,0,0,1493,0,heuristic,3
100,5,0.6,1,faosp,0,0,0,3,104,0,0,1989,0,heuristic,3
100,5,0.6,1,vnd,0,0,0,0,480,0,0,1486,0,heuristic,543
100,5,0.6,2,exact,0,0,0,0,480,5650,5340.57,5341,0.00797716,Optimal,614
100,5,0.6,2,faolp,0,0,0,1,172,0,0,5833,0,heuristic,10
100,5,0.6,2,faolr,0,0,0,2,172,0,0,5833,0,heuristic,12
100,5,0.6,2,faosp,0,0,0,4,106,0,0,8802,0,heuristic,4
100,5,0.6,2,vnd,0,0,0,0,480,0,0,5421,0,heuristic,243
100,5,0.6,3,exact,0,0,0,0,480,1652,3683.73,3684,0.00742532,Optimal,69
100,5,0.6,3,faolp,0,0,0,1,167,0,0,3684,0,heuristic,3
100,5,0.6,3,faolr,0,0,0,2,167,0,0,3684,0,heuristic,4
100,5,0.6,3,faosp,0,0,0,2,106,0,0,4330,0,heuristic,2
100,5,0.6,3,vnd,0,0,0,0,480,0,0,3684,0,heuristic,237
100,5,0.6,4,exact,0,0,0,0,480,1363,4267,4267,0,Optimal,160
100,5,0.6,4,faolp,0,0,0,1,164,0,0,4268,0,heuristic,3
100,5,0.6,4,faolr,0,0,0,3,164,0,0,4268,0,heuristic,5
100,5,0.6,4,faosp,0,0,0,6,107,0,0,4860,0,heuristic,6
100,5,0.6,4,vnd,0,0,0,0,480,0,0,4267,0,heuristic,243
100,5,0.6,5,exact,0,0,0,0,480,3002,5481.49,5482,0.00927698,Optimal,122
100,5,0.6,5,faolp,0,0,0,1,175,0,0,5482,0,heuristic,6
100,5,0.6,5,faolr,0,0,0,2,175,0,0,5482,0,heuristic,8
100,5,0.6,5,faosp,0,0,0,3,108,0,0,6856,0,heuristic,4
100,5,0.6,5,vnd,0,0,0,0,480,0,0,5482,0,heuristic,243
100,5,0.9,1,exact,0,0,0,0,480,458,1090,1090,0,Optimal,8
100,5,0.9,1,faolp,0,0,0,1,153,0,0,1090,0,heuristic,1
100,5,0.9,1,faolr,0,0,0,2,153,0,0,1090,0,heuristic,2
100,5,0.9,1,faosp,0,0,0,3,102,0,0,1547,0,heuristic,3
100,5,0.9,1,vnd,0,0,0,0,480,0,0,1090,0,heuristic,59
100,5,0.9,2,exact,0,0,0,0,480,0,3030,3030,0,Optimal,4
100,5,0.9,2,faolp,0,0,0,1,137,0,0,3036,0,heuristic,1
100,5,0.9,2,faolr,0,0,0,2,137,0,0,3036,0,heuristic,2
100,5,0.9,2,faosp,0,0,0,2,103,0,0,3236,0,heuristic,2
100,5,0.9,2,vnd,0,0,0,0,480,0,0,3030,0,heuristic,13
100,5,0.9,3,exact,0,0,0,0,480,0,1928,1928,0,Optimal,3
100,5,0.9,3,faolp,0,0,0,1,138,0,0,1928,0,heuristic,1
100,5,0.9,3,faolr,0,0,0,2,138,0,0,1928,0,heuristic,2
100,5,0.9,3,faosp,0,0,0,2,101,0,0,2370,0,heuristic,2
100,5,0.9,3,vnd,0,0,0,0,480,0,0,1928,0,heuristic,16
100,5,0.9,4,exact,0,0,0,0,480,8,2779,2779,0,Optimal,4
100,5,0.9,4,faolp,0,0,0,1,136,0,0,2779,0,heuristic,1
100,5,0.9,4,faolr,0,0,0,3,136,0,0,2779,0,heuristic,3
100,5,0.9,4,faosp,0,0,0,2,101,0,0,3454,0,heuristic,2
100,5,0.9,4,vnd,0,0,0,0,480,0,0,2779,0,heuristic,18
100,5,0.9,5,exact,0,0,0,0,480,0,1371.87,1372,0.00983269,Optimal,2
100,5,0.9,5,faolp,0,0,0,1,139,0,0,1372,0,heuristic,1
100,5,0.9,5,faolr,0,0,0,1,139,0,0,1372,0,heuristic,1
100,5,0.9,5,faosp,0,0,0,1,102,0,0,1493,0,heuristic,2
100,5,0.9,5,vnd,0,0,0,0,480,0,0,1372,0,heuristic,12
100,50,0.3,1,exact,0,0,0,0,2550,0,293,293,0,Optimal,0
100,50,0.3,1,faolp,0,0,0,1,158,0,0,293,0,heuristic,2
100,50,0.3,1,faolr,0,0,0,4,157,0,0,293,0,heuristic,4
100,50,0.3,1,faosp,0,0,0,1,100,0,0,304,0,heuristic,2
100,50,0.3,1,vnd,0,0,0,0,2550,0,0,293,0,heuristic,12
100,50,0.3,2,exact,0,0,0,0,2550,0,892,892,0,Optimal,1
100,50,0.3,2,faolp,0,0,0,1,159,0,0,892,0,heuristic,2
100,50,0.3,2,faolr,0,0,0,4,159,0,0,892,0,heuristic,5
100,50,0.3,2,faosp,0,0,0,1,100,0,0,974,0,heuristic,2
100,50,0.3,2,vnd,0,0,0,0,2550,0,0,892,0,heuristic,12
100,50,0.3,3,exact,0,0,0,0,2550,0,643,643,0,Optimal,1
100,50,0.3,3,faolp,0,0,0,1,151,0,0,643,0,heuristic,2
100,50,0.3,3,faolr,0,0,0,4,151,0,0,643,0,heuristic,4
100,50,0.3,3,faosp,0,0,0,1,100,0,0,701,0,heuristic,2
100,50,0.3,3,vnd,0,0,0,0,2550,0,0,643,0,heuristic,12
100,50,0.3,4,exact,0,0,0,0,2550,0,754,754,0,Optimal,0
100,50,0.3,4,faolp,0,0,0,1,154,0,0,754,0,heuristic,2
100,50,0.3,4,faolr,0,0,0,5,153,0,0,754,0,heuristic,6
100,50,0.3,4,faosp,0,0,0,1,100,0,0,776,0,heuristic,2
100,50,0.3,4,vnd,0,0,0,0,2550,0,0,754,0,heuristic,11
100,50,0.3,5,exact,0,0,0,0,2550,0,757,757,0,Optimal,0
100,50,0.3,5,faolp,0,0,0,1,153,0,0,763,0,heuristic,2
100,50,0.3,5,faolr,0,0,0,4,153,0,0,763,0,heuristic,5
100,50,0.3,5,faosp,0,0,0,1,100,0,0,757,0,heuristic,2
100,50,0.3,5,vnd,0,0,0,0,2550,0,0,757,0,heuristic,10
100,50,0.6,1,exact,0,0,0,0,2550,0,189,189,0,Optimal,0
100,50,0.6,1,faolp,0,0,0,1,144,0,0,189,0,heuristic,2
100,50,0.6,1,faolr,0,0,0,3,143,0,0,189,0,heuristic,4
100,50,0.6,1,faosp,0,0,0,1,100,0,0,195,0,heuristic,2
100,50,0.6,1,vnd,0,0,0,0,2550,0,0,189,0,heuristic,13
100,50,0.6,2,exact,0,0,0,0,2550,0,536,536,0,Optimal,0
100,50,0.6,2,faolp,0,0,0,1,147,0,0,536,0,heuristic,2
100,50,0.6,2,faolr,0,0,0,3,147,0,0,536,0,heuristic,4
100,50,0.6,2,faosp,0,0,0,1,100,0,0,564,0,heuristic,2
100,50,0.6,2,vnd,0,0,0,0,2550,0,0,536,0,heuristic,12
100,50,0.6,3,exact,0,0,0,0,2550,0,386,386,0,Optimal,0
100,50,0.6,3,faolp,0,0,0,1,142,0,0,386,0,heuristic,2
100,50,0.6,3,faolr,0,0,0,3,142,0,0,386,0,heuristic,4
100,50,0.6,3,faosp,0,0,0,1,100,0,0,414,0,heuristic,2
100,50,0.6,3,vnd,0,0,0,0,2550,0,0,386,0,heuristic,11
100,50,0.6,4,exact,0,0,0,0,2550,0,656,656,0,Optimal,1
100,50,0.6,4,faolp,0,0,0,1,151,0,0,659,0,heuristic,2
100,50,0.6,4,faolr,0,0,0,3,151,0,0,659,0,heuristic,4
100,50,0.6,4,faosp,0,0,0,1,100,0,0,715,0,heuristic,2
100,50,0.6,4,vnd,0,0,0,0,2550,0,0,656,0,heuristic,12
100,50,0.6,5,exact,0,0,0,0,2550,0,510,510,0,Optimal,0
100,50,0.6,5,faolp,0,0,0,1,139,0,0,510,0,heuristic,2
100,50,0.6,5,faolr,0,0,0,3,139,0,0,510,0,heuristic,4
100,50,0.6,5,faosp,0,0,0,1,100,0,0,585,0,heuristic,2
100,50,0.6,5,vnd,0,0,0,0,2550,0,0,510,0,heuristic,12
100,50,0.9,1,exact,0,0,0,0,2550,0,101,101,0,Optimal,1
100,50,0.9,1,faolp,0,0,0,1,135,0,0,101,0,heuristic,2
100,50,0.9,1,faolr,0,0,0,3,135,0,0,101,0,heuristic,3
100,50,0.9,1,faosp,0,0,0,1,100,0,0,109,0,heuristic,2
100,50,0.9,1,vnd,0,0,0,0,2550,0,0,101,0,heuristic,10
100,50,0.9,2,exact,0,0,0,0,2550,0,238,238,0,Optimal,0
100,50,0.9,2,faolp,0,0,0,1,125,0,0,238,0,heuristic,2
100,50,0.9,2,faolr,0,0,0,3,125,0,0,238,0,heuristic,3
100,50,0.9,2,faosp,0,0,0,1,100,0,0,253,0,heuristic,2
100,50,0.9,2,vnd,0,0,0,0,2550,0,0,238,0,heuristic,12
100,50,0.9,3,exact,0,0,0,0,2550,0,110,110,0,Optimal,0
100,50,0.9,3,faolp,0,0,0,1,119,0,0,110,0,heuristic,2
100,50,0.9,3,faolr,0,0,0,3,119,0,0,110,0,heuristic,3
100,50,0.9,3,faosp,0,0,0,1,100,0,0,115,0,heuristic,2
100,50,0.9,3,vnd,0,0,0,0,2550,0,0,110,0,heuristic,11
100,50,0.9,4,exact,0,0,0,0,2550,0,152,152,0,Optimal,0
100,50,0.9,4,faolp,0,0,0,1,122,0,0,152,0,heuristic,2
100,50,0.9,4,faolr,0,0,0,3,122,0,0,152,0,heuristic,4
100,50,0.9,4,faosp,0,0,0,1,100,0,0,188,0,heuristic,2
100,50,0.9,4,vnd,0,0,0,0,2550,0,0,152,0,heuristic,10
100,50,0.9,5,exact,0,0,0,0,2550,0,246,246,0,Optimal,0
100,50,0.9,5,faolp,0,0,0,1,124,0,0,246,0,heuristic,2
100,50,0.9,5,faolr,0,0,0,3,124,0,0,246,0,heuristic,3
100,50,0.9,5,faosp,0,0,0,1,100,0,0,272,0,heuristic,2
100,50,0.9,5,vnd,0,0,0,0,2550,0,0,246,0,heuristic,12
150,10,0.3,1,exact,0,0,0,0,1410,1439,3832.74,5308,27.7932,Feasible,3600
150,10,0.3,1,faolp,0,0,0,24,445,0,0,5094,0,heuristic,3624
150,10,0.3,1,faolr,0,0,0,56,443,0,0,5077,0,heuristic,3600
150,10,0.3,1,faosp,0,0,0,10,152,0,0,5919,0,heuristic,10
150,10,0.3,1,vnd,0,0,0,0,1410,0,0,5845,0,heuristic,257
150,10,0.3,2,exact,0,0,0,0,1410,1726,9192.55,13331,31.0438,Feasible,3600
150,10,0.3,2,faolp,0,0,0,18,428,0,0,12822,0,heuristic,3618
150,10,0.3,2,faolr,0,0,0,51,428,0,0,12822,0,heuristic,3600
150,10,0.3,2,faosp,0,0,0,10,155,0,0,15025,0,heuristic,11
150,10,0.3,2,vnd,0,0,0,0,1410,0,0,15148,0,heuristic,257
150,10,0.3,3,exact,0,0,0,0,1410,3552,6875.31,9336,26.357,Feasible,3600
150,10,0.3,3,faolp,0,0,0,13,421,0,0,9052,0,heuristic,3613
150,10,0.3,3,faolr,0,0,0,65,420,0,0,9052,0,heuristic,3600
150,10,0.3,3,faosp,0,0,0,10,155,0,0,10610,0,heuristic,10
150,10,0.3,3,vnd,0,0,0,0,1410,0,0,10784,0,heuristic,259
150,10,0.3,4,exact,0,0,0,0,1410,2994,7445.79,10115,26.3886,Feasible,3600
150,10,0.3,4,faolp,0,0,0,16,415,0,0,10023,0,heuristic,3616
150,10,0.3,4,faolr,0,0,0,42,415,0,0,10035,0,heuristic,3600
150,10,0.3,4,faosp,0,0,0,11,152,0,0,11709,0,heuristic,11
150,10,0.3,4,vnd,0,0,0,0,1410,0,0,12078,0,heuristic,263
150,10,0.3,5,exact,0,0,0,0,1410,2138,10069.8,13888,27.4925,Feasible,3600
150,10,0.3,5,faolp,0,0,0,19,419,0,0,13734,0,heuristic,3619
150,10,0.3,5,faolr,0,0,0,46,419,0,0,13734,0,heuristic,3600
150,10,0.3,5,faosp,0,0,0,11,156,0,0,17160,0,heuristic,12
150,10,0.3,5,vnd,0,0,0,0,1410,0,0,17759,0,heuristic,275
150,10,0.6,1,exact,0,0,0,0,1410,10632,2465.07,2637,6.51985,Feasible,3600
150,10,0.6,1,faolp,0,0,0,12,299,0,0,2623,0,heuristic,2108
150,10,0.6,1,faolr,0,0,0,42,299,0,0,2623,0,heuristic,2179
150,10,0.6,1,faosp,0,0,0,12,161,0,0,3417,0,heuristic,13
150,10,0.6,1,vnd,0,0,0,0,1410,0,0,2781,0,heuristic,497
150,10,0.6,2,exact,0,0,0,0,1410,9374,7083.26,7917,10.531,Feasible,3600
150,10,0.6,2,faolp,0,0,0,9,286,0,0,7922,0,heuristic,983
150,10,0.6,2,faolr,0,0,0,28,286,0,0,7922,0,heuristic,1019
150,10,0.6,2,faosp,0,0,0,11,155,0,0,9967,0,heuristic,12
150,10,0.6,2,vnd,0,0,0,0,1410,0,0,8236,0,heuristic,437
150,10,0.6,3,exact,0,0,0,0,1410,16009,3728.63,3845,3.02664,Feasible,3600
150,10,0.6,3,faolp,0,0,0,9,303,0,0,3868,0,heuristic,94
150,10,0.6,3,faolr,0,0,0,22,303,0,0,3868,0,heuristic,108
150,10,0.6,3,faosp,0,0,0,9,152,0,0,5261,0,heuristic,10
150,10,0.6,3,vnd,0,0,0,0,1410,0,0,3845,0,heuristic,377
150,10,0.6,4,exact,0,0,0,0,1410,12489,6714.89,7151,6.09853,Feasible,3600
150,10,0.6,4,faolp,0,0,0,9,306,0,0,7151,0,heuristic,573
150,10,0.6,4,faolr,0,0,0,30,306,0,0,7151,0,heuristic,608
150,10,0.6,4,faosp,0,0,0,11,155,0,0,8487,0,heuristic,12
150,10,0.6,4,vnd,0,0,0,0,1410,0,0,7202,0,heuristic,377
150,10,0.6,5,exact,0,0,0,0,1410,15876,7361.41,7403,0.561783,Feasible,3600
150,10,0.6,5,faolp,0,0,0,9,283,0,0,7469,0,heuristic,200
150,10,0.6,5,faolr,0,0,0,21,283,0,0,7469,0,heuristic,217
150,10,0.6,5,faosp,0,0,0,12,157,0,0,9015,0,heuristic,13
150,10,0.6,5,vnd,0,0,0,0,1410,0,0,7506,0,heuristic,377
150,10,0.9,1,exact,0,0,0,0,1410,0,460,460,0,Optimal,13
150,10,0.9,1,faolp,0,0,0,5,220,0,0,460,0,heuristic,6
150,10,0.9,1,faolr,0,0,0,7,219,0,0,460,0,heuristic,8
150,10,0.9,1,faosp,0,0,0,7,153,0,0,523,0,heuristic,8
150,10,0.9,1,vnd,0,0,0,0,1410,0,0,460,0,heuristic,61
150,10,0.9,2,exact,0,0,0,0,1410,1983,2346.88,2347,0.00525347,Optimal,232
150,10,0.9,2,faolp,0,0,0,8,215,0,0,2347,0,heuristic,12
150,10,0.9,2,faolr,0,0,0,16,215,0,0,2347,0,heuristic,20
150,10,0.9,2,faosp,0,0,0,8,159,0,0,2535,0,heuristic,9
150,10,0.9,2,vnd,0,0,0,0,1410,0,0,2347,0,heuristic,376
150,10,0.9,3,exact,0,0,0,0,1410,0,1107,1107,0,Optimal,22
150,10,0.9,3,faolp,0,0,0,7,210,0,0,1107,0,heuristic,8
150,10,0.9,3,faolr,0,0,0,10,209,0,0,1107,0,heuristic,11
150,10,0.9,3,faosp,0,0,0,8,155,0,0,1230,0,heuristic,9
150,10,0.9,3,vnd,0,0,0,0,1410,0,0,1107,0,heuristic,145
150,10,0.9,4,exact,0,0,0,0,1410,841,2488.81,2489,0.00780799,Optimal,234
150,10,0.9,4,faolp,0,0,0,8,209,0,0,2489,0,heuristic,10
150,10,0.9,4,faolr,0,0,0,18,209,0,0,2489,0,heuristic,19
150,10,0.9,4,faosp,0,0,0,8,156,0,0,2828,0,heuristic,9
150,10,0.9,4,vnd,0,0,0,0,1410,0,0,2489,0,heuristic,256
150,10,0.9,5,exact,0,0,0,0,1410,966,2506.87,2507,0.00501538,Optimal,73
150,10,0.9,5,faolp,0,0,0,7,229,0,0,2510,0,heuristic,8
150,10,0.9,5,faolr,0,0,0,11,229,0,0,2510,0,heuristic,11
150,10,0.9,5,faosp,0,0,0,8,159,0,0,2787,0,heuristic,9
150,10,0.9,5,vnd,0,0,0,0,1410,0,0,2507,0,heuristic,147
150,25,0.3,1,exact,0,0,0,0,3150,5950,1502.86,1503,0.00932994,Optimal,1700
150,25,0.3,1,faolp,0,0,0,16,425,0,0,1503,0,heuristic,59
150,25,0.3,1,faolr,0,0,0,66,422,0,0,1503,0,heuristic,140
150,25,0.3,1,faosp,0,0,0,28,152,0,0,1712,0,heuristic,29
150,25,0.3,1,vnd,0,0,0,0,3150,0,0,1514,0,heuristic,390
150,25,0.3,2,exact,0,0,0,0,3150,10182,5510.98,5553,0.756709,Feasible,3600
150,25,0.3,2,faolp,0,0,0,16,422,0,0,5565,0,heuristic,69
150,25,0.3,2,faolr,0,0,0,63,422,0,0,5565,0,heuristic,117
150,25,0.3,2,faosp,0,0,0,29,150,0,0,6201,0,heuristic,30
150,25,0.3,2,vnd,0,0,0,0,3150,0,0,5553,0,heuristic,330
150,25,0.3,3,exact,0,0,0,0,3150,13022,2709.73,2710,0.00989976,Optimal,3291
150,25,0.3,3,faolp,0,0,0,13,387,0,0,2731,0,heuristic,48
150,25,0.3,3,faolr,0,0,0,38,386,0,0,2731,0,heuristic,78
150,25,0.3,3,faosp,0,0,0,28,154,0,0,3101,0,heuristic,30
150,25,0.3,3,vnd,0,0,0,0,3150,0,0,2734,0,heuristic,571
150,25,0.3,4,exact,0,0,0,0,3150,7364,4154.49,4258,2.431,Feasible,3600
150,25,0.3,4,faolp,0,0,0,17,414,0,0,4258,0,heuristic,120
150,25,0.3,4,faolr,0,0,0,60,414,0,0,4258,0,heuristic,166
150,25,0.3,4,faosp,0,0,0,33,156,0,0,5513,0,heuristic,34
150,25,0.3,4,vnd,0,0,0,0,3150,0,0,4258,0,heuristic,390
150,25,0.3,5,exact,0,0,0,0,3150,9289,4470.93,4559,1.93172,Feasible,3600
150,25,0.3,5,faolp,0,0,0,17,432,0,0,4562,0,heuristic,345
150,25,0.3,5,faolr,0,0,0,63,431,0,0,4562,0,heuristic,212
150,25,0.3,5,faosp,0,0,0,32,153,0,0,5357,0,heuristic,33
150,25,0.3,5,vnd,0,0,0,0,3150,0,0,4564,0,heuristic,450
150,25,0.6,1,exact,0,0,0,0,3150,12621,1016.38,1033,1.60876,Feasible,3600
150,25,0.6,1,faolp,0,0,0,14,335,0,0,1037,0,heuristic,74
150,25,0.6,1,faolr,0,0,0,25,334,0,0,1037,0,heuristic,107
150,25,0.6,1,faosp,0,0,0,27,156,0,0,1264,0,heuristic,28
150,25,0.6,1,vnd,0,0,0,0,3150,0,0,1043,0,heuristic,329
150,25,0.6,2,exact,0,0,0,0,3150,1656,2851.74,2852,0.00926192,Optimal,226
150,25,0.6,2,faolp,0,0,0,14,305,0,0,2866,0,heuristic,20
150,25,0.6,2,faolr,0,0,0,33,304,0,0,2866,0,heuristic,38
150,25,0.6,2,faosp,0,0,0,23,155,0,0,3117,0,heuristic,24
150,25,0.6,2,vnd,0,0,0,0,3150,0,0,2855,0,heuristic,329
150,25,0.6,3,exact,0,0,0,0,3150,11244,2536.53,2582,1.761,Feasible,3600
150,25,0.6,3,faolp,0,0,0,14,328,0,0,2585,0,heuristic,44
150,25,0.6,3,faolr,0,0,0,30,328,0,0,2585,0,heuristic,61
150,25,0.6,3,faosp,0,0,0,21,155,0,0,2999,0,heuristic,22
150,25,0.6,3,vnd,0,0,0,0,3150,0,0,2582,0,heuristic,449
150,25,0.6,4,exact,0,0,0,0,3150,15100,2406.76,2407,0.00992894,Optimal,1808
150,25,0.6,4,faolp,0,0,0,11,297,0,0,2409,0,heuristic,18
150,25,0.6,4,faolr,0,0,0,18,296,0,0,2409,0,heuristic,26
150,25,0.6,4,faosp,0,0,0,22,158,0,0,2543,0,heuristic,24
150,25,0.6,4,vnd,0,0,0,0,3150,0,0,2409,0,heuristic,329
150,25,0.6,5,exact,0,0,0,0,3150,10019,3247.61,3432,5.37265,Feasible,3600
150,25,0.6,5,faolp,0,0,0,12,334,0,0,3432,0,heuristic,253
150,25,0.6,5,faolr,0,0,0,30,334,0,0,3432,0,heuristic,276
150,25,0.6,5,faosp,0,0,0,22,161,0,0,3826,0,heuristic,24
150,25,0.6,5,vnd,0,0,0,0,3150,0,0,3482,0,heuristic,329
150,25,0.9,1,exact,0,0,0,0,3150,0,337,337,0,Optimal,18
150,25,0.9,1,faolp,0,0,0,6,227,0,0,337,0,heuristic,7
150,25,0.9,1,faolr,0,0,0,11,227,0,0,337,0,heuristic,12
150,25,0.9,1,faosp,0,0,0,16,155,0,0,371,0,heuristic,18
150,25,0.9,1,vnd,0,0,0,0,3150,0,0,337,0,heuristic,87
150,25,0.9,2,exact,0,0,0,0,3150,0,881.992,882,0.000944822,Optimal,22
150,25,0.9,2,faolp,0,0,0,6,215,0,0,883,0,heuristic,8
150,25,0.9,2,faolr,0,0,0,12,215,0,0,883,0,heuristic,13
150,25,0.9,2,faosp,0,0,0,13,155,0,0,945,0,heuristic,14
150,25,0.9,2,vnd,0,0,0,0,3150,0,0,882,0,heuristic,93
150,25,0.9,3,exact,0,0,0,0,3150,3,771,771,0,Optimal,21
150,25,0.9,3,faolp,0,0,0,7,233,0,0,773,0,heuristic,8
150,25,0.9,3,faolr,0,0,0,11,231,0,0,773,0,heuristic,12
150,25,0.9,3,faosp,0,0,0,16,157,0,0,934,0,heuristic,18
150,25,0.9,3,vnd,0,0,0,0,3150,0,0,771,0,heuristic,94
150,25,0.9,4,exact,0,0,0,0,3150,0,516,516,0,Optimal,17
150,25,0.9,4,faolp,0,0,0,7,209,0,0,516,0,heuristic,8
150,25,0.9,4,faolr,0,0,0,10,209,0,0,516,0,heuristic,11
150,25,0.9,4,faosp,0,0,0,13,151,0,0,757,0,heuristic,14
150,25,0.9,4,vnd,0,0,0,0,3150,0,0,516,0,heuristic,82
150,25,0.9,5,exact,0,0,0,0,3150,4,1206.94,1207,0.00523602,Optimal,26
150,25,0.9,5,faolp,0,0,0,7,229,0,0,1210,0,heuristic,8
150,25,0.9,5,faolr,0,0,0,11,229,0,0,1210,0,heuristic,12
150,25,0.9,5,faosp,0,0,0,14,161,0,0,1349,0,heuristic,16
150,25,0.9,5,vnd,0,0,0,0,3150,0,0,1207,0,heuristic,100
150,5,0.3,1,exact,0,0,0,0,730,3993,8825.72,12213,27.735,Feasible,3600
150,5,0.3,1,faolp,0,0,0,14,379,0,0,12072,0,heuristic,3614
150,5,0.3,1,faolr,0,0,0,35,379,0,0,12079,0,heuristic,3600
150,5,0.3,1,faosp,0,0,0,21,169,0,0,13285,0,heuristic,22
150,5,0.3,1,vnd,0,0,0,0,730,0,0,14254,0,heuristic,9
150,5,0.3,2,exact,0,0,0,0,730,3778,20828.4,28399,26.6581,Feasible,3600
150,5,0.3,2,faolp,0,0,0,15,343,0,0,28632,0,heuristic,3615
150,5,0.3,2,faolr,0,0,0,31,343,0,0,28632,0,heuristic,3600
150,5,0.3,2,faosp,0,0,0,18,161,0,0,37004,0,heuristic,18
150,5,0.3,2,vnd,0,0,0,0,730,0,0,38364,0,heuristic,249
150,5,0.3,3,exact,0,0,0,0,730,5043,11848.5,16291,27.2698,Feasible,3600
150,5,0.3,3,faolp,0,0,0,9,338,0,0,16162,0,heuristic,3609
150,5,0.3,3,faolr,0,0,0,20,338,0,0,16166,0,heuristic,3600
150,5,0.3,3,faosp,0,0,0,11,158,0,0,19419,0,heuristic,12
150,5,0.3,3,vnd,0,0,0,0,730,0,0,18349,0,heuristic,249
150,5,0.3,4,exact,0,0,0,0,730,3223,16217,21507,24.5966,Feasible,3600
150,5,0.3,4,faolp,0,0,0,9,344,0,0,21489,0,heuristic,3609
150,5,0.3,4,faolr,0,0,0,17,344,0,0,21498,0,heuristic,3600
150,5,0.3,4,faosp,0,0,0,18,163,0,0,25606,0,heuristic,18
150,5,0.3,4,vnd,0,0,0,0,730,0,0,26228,0,heuristic,9
150,5,0.3,5,exact,0,0,0,0,730,4995,22939.9,32027,28.3732,Feasible,3600
150,5,0.3,5,faolp,0,0,0,10,363,0,0,31640,0,heuristic,3610
150,5,0.3,5,faolr,0,0,0,26,363,0,0,31640,0,heuristic,3600
150,5,0.3,5,faosp,0,0,0,33,168,0,0,39196,0,heuristic,34
150,5,0.3,5,vnd,0,0,0,0,730,0,0,41462,0,heuristic,9
150,5,0.6,1,exact,0,0,0,0,730,1782,3210,3210,0,Optimal,305
150,5,0.6,1,faolp,0,0,0,4,243,0,0,3221,0,heuristic,8
150,5,0.6,1,faolr,0,0,0,8,243,0,0,3221,0,heuristic,12
150,5,0.6,1,faosp,0,0,0,12,156,0,0,4561,0,heuristic,12
150,5,0.6,1,vnd,0,0,0,0,730,0,0,3230,0,heuristic,309
150,5,0.6,2,exact,0,0,0,0,730,11999,12677.5,12819,1.10392,Feasible,3600
150,5,0.6,2,faolp,0,0,0,5,264,0,0,13786,0,heuristic,44
150,5,0.6,2,faolr,0,0,0,12,264,0,0,13786,0,heuristic,53
150,5,0.6,2,faosp,0,0,0,17,158,0,0,21393,0,heuristic,17
150,5,0.6,2,vnd,0,0,0,0,730,0,0,13071,0,heuristic,490
150,5,0.6,3,exact,0,0,0,0,730,18009,8757.15,8758,0.00967108,Optimal,2639
150,5,0.6,3,faolp,0,0,0,5,265,0,0,8758,0,heuristic,11
150,5,0.6,3,faolr,0,0,0,8,265,0,0,8758,0,heuristic,14
150,5,0.6,3,faosp,0,0,0,11,158,0,0,10674,0,heuristic,12
150,5,0.6,3,vnd,0,0,0,0,730,0,0,8758,0,heuristic,370
150,5,0.6,4,exact,0,0,0,0,730,1406,8726.43,8727,0.00653493,Optimal,445
150,5,0.6,4,faolp,0,0,0,5,259,0,0,8728,0,heuristic,13
150,5,0.6,4,faolr,0,0,0,15,259,0,0,8728,0,heuristic,22
150,5,0.6,4,faosp,0,0,0,21,164,0,0,10335,0,heuristic,22
150,5,0.6,4,vnd,0,0,0,0,730,0,0,8727,0,heuristic,249
150,5,0.6,5,exact,0,0,0,0,730,8523,13601.6,14234,4.44256,Feasible,3600
150,5,0.6,5,faolp,0,0,0,4,273,0,0,14234,0,heuristic,27
150,5,0.6,5,faolr,0,0,0,8,273,0,0,14234,0,heuristic,31
150,5,0.6,5,faosp,0,0,0,15,159,0,0,16988,0,heuristic,16
150,5,0.6,5,vnd,0,0,0,0,730,0,0,14260,0,heuristic,369
150,5,0.9,1,exact,0,0,0,0,730,646,2478,2478,0,Optimal,53
150,5,0.9,1,faolp,0,0,0,4,229,0,0,2478,0,heuristic,6
150,5,0.9,1,faolr,0,0,0,7,229,0,0,2478,0,heuristic,8
150,5,0.9,1,faosp,0,0,0,11,153,0,0,3762,0,heuristic,11
150,5,0.9,1,vnd,0,0,0,0,730,0,0,2478,0,heuristic,240
150,5,0.9,2,exact,0,0,0,0,730,0,5201,5201,0,Optimal,7
150,5,0.9,2,faolp,0,0,0,4,203,0,0,5207,0,heuristic,4
150,5,0.9,2,faolr,0,0,0,9,203,0,0,5207,0,heuristic,9
150,5,0.9,2,faosp,0,0,0,8,155,0,0,5392,0,heuristic,8
150,5,0.9,2,vnd,0,0,0,0,730,0,0,5201,0,heuristic,43
150,5,0.9,3,exact,0,0,0,0,730,17,3536.69,3537,0.00865985,Optimal,14
150,5,0.9,3,faolp,0,0,0,4,212,0,0,3537,0,heuristic,5
150,5,0.9,3,faolr,0,0,0,8,212,0,0,3537,0,heuristic,9
150,5,0.9,3,faosp,0,0,0,7,153,0,0,4604,0,heuristic,7
150,5,0.9,3,vnd,0,0,0,0,730,0,0,3537,0,heuristic,90
150,5,0.9,4,exact,0,0,0,0,730,311,5561.59,5562,0.0073114,Optimal,17
150,5,0.9,4,faolp,0,0,0,4,209,0,0,5562,0,heuristic,5
150,5,0.9,4,faolr,0,0,0,9,209,0,0,5562,0,heuristic,9
150,5,0.9,4,faosp,0,0,0,6,154,0,0,6790,0,heuristic,6
150,5,0.9,4,vnd,0,0,0,0,730,0,0,5562,0,heuristic,54
150,5,0.9,5,exact,0,0,0,0,730,0,1687,1687,0,Optimal,6
150,5,0.9,5,faolp,0,0,0,3,204,0,0,1690,0,heuristic,3
150,5,0.9,5,faolr,0,0,0,5,204,0,0,1690,0,heuristic,5
150,5,0.9,5,faosp,0,0,0,5,153,0,0,1812,0,heuristic,5
150,5,0.9,5,vnd,0,0,0,0,730,0,0,1687,0,heuristic,28
150,50,0.3,1,exact,0,0,0,0,5050,0,696,696,0,Optimal,17
150,50,0.3,1,faolp,0,0,0,8,297,0,0,697,0,heuristic,11
150,50,0.3,1,faolr,0,0,0,37,297,0,0,697,0,heuristic,39
150,50,0.3,1,faosp,0,0,0,14,153,0,0,749,0,heuristic,16
150,50,0.3,1,vnd,0,0,0,0,5050,0,0,696,0,heuristic,93
150,50,0.3,2,exact,0,0,0,0,5050,0,2254,2254,0,Optimal,19
150,50,0.3,2,faolp,0,0,0,10,308,0,0,2254,0,heuristic,12
150,50,0.3,2,faolr,0,0,0,25,307,0,0,2254,0,heuristic,27
150,50,0.3,2,faosp,0,0,0,17,151,0,0,2448,0,heuristic,19
150,50,0.3,2,vnd,0,0,0,0,5050,0,0,2254,0,heuristic,95
150,50,0.3,3,exact,0,0,0,0,5050,0,1581,1581,0,Optimal,16
150,50,0.3,3,faolp,0,0,0,9,285,0,0,1581,0,heuristic,11
150,50,0.3,3,faolr,0,0,0,25,284,0,0,1581,0,heuristic,27
150,50,0.3,3,faosp,0,0,0,14,151,0,0,1729,0,heuristic,16
150,50,0.3,3,vnd,0,0,0,0,5050,0,0,1581,0,heuristic,100
150,50,0.3,4,exact,0,0,0,0,5050,0,1882,1882,0,Optimal,16
150,50,0.3,4,faolp,0,0,0,10,306,0,0,1882,0,heuristic,12
150,50,0.3,4,faolr,0,0,0,23,306,0,0,1882,0,heuristic,25
150,50,0.3,4,faosp,0,0,0,15,151,0,0,2102,0,heuristic,17
150,50,0.3,4,vnd,0,0,0,0,5050,0,0,1882,0,heuristic,103
150,50,0.3,5,exact,0,0,0,0,5050,0,2110,2110,0,Optimal,14
150,50,0.3,5,faolp,0,0,0,9,317,0,0,2116,0,heuristic,11
150,50,0.3,5,faolr,0,0,0,30,317,0,0,2116,0,heuristic,32
150,50,0.3,5,faosp,0,0,0,18,151,0,0,2188,0,heuristic,20
150,50,0.3,5,vnd,0,0,0,0,5050,0,0,2110,0,heuristic,96
150,50,0.6,1,exact,0,0,0,0,5050,0,472,472,0,Optimal,13
150,50,0.6,1,faolp,0,0,0,7,257,0,0,472,0,heuristic,9
150,50,0.6,1,faolr,0,0,0,13,258,0,0,472,0,heuristic,15
150,50,0.6,1,faosp,0,0,0,8,150,0,0,502,0,heuristic,10
150,50,0.6,1,vnd,0,0,0,0,5050,0,0,472,0,heuristic,92
150,50,0.6,2,exact,0,0,0,0,5050,0,1501,1501,0,Optimal,15
150,50,0.6,2,faolp,0,0,0,7,279,0,0,1501,0,heuristic,10
150,50,0.6,2,faolr,0,0,0,18,278,0,0,1501,0,heuristic,21
150,50,0.6,2,faosp,0,0,0,10,151,0,0,1674,0,heuristic,12
150,50,0.6,2,vnd,0,0,0,0,5050,0,0,1501,0,heuristic,86
150,50,0.6,3,exact,0,0,0,0,5050,0,893,893,0,Optimal,14
150,50,0.6,3,faolp,0,0,0,8,247,0,0,893,0,heuristic,10
150,50,0.6,3,faolr,0,0,0,17,247,0,0,893,0,heuristic,19
150,50,0.6,3,faosp,0,0,0,9,150,0,0,995,0,heuristic,11
150,50,0.6,3,vnd,0,0,0,0,5050,0,0,893,0,heuristic,95
150,50,0.6,4,exact,0,0,0,0,5050,0,1515,1515,0,Optimal,16
150,50,0.6,4,faolp,0,0,0,8,266,0,0,1516,0,heuristic,10
150,50,0.6,4,faolr,0,0,0,20,266,0,0,1516,0,heuristic,22
150,50,0.6,4,faosp,0,0,0,8,153,0,0,1729,0,heuristic,10
150,50,0.6,4,vnd,0,0,0,0,5050,0,0,1515,0,heuristic,91
150,50,0.6,5,exact,0,0,0,0,5050,0,1359,1359,0,Optimal,17
150,50,0.6,5,faolp,0,0,0,7,245,0,0,1359,0,heuristic,9
150,50,0.6,5,faolr,0,0,0,16,244,0,0,1359,0,heuristic,18
150,50,0.6,5,faosp,0,0,0,9,153,0,0,1535,0,heuristic,11
150,50,0.6,5,vnd,0,0,0,0,5050,0,0,1359,0,heuristic,104
150,50,0.9,1,exact,0,0,0,0,5050,0,191,191,0,Optimal,12
150,50,0.9,1,faolp,0,0,0,7,217,0,0,191,0,heuristic,9
150,50,0.9,1,faolr,0,0,0,16,217,0,0,191,0,heuristic,18
150,50,0.9,1,faosp,0,0,0,7,152,0,0,206,0,heuristic,9
150,50,0.9,1,vnd,0,0,0,0,5050,0,0,191,0,heuristic,83
150,50,0.9,2,exact,0,0,0,0,5050,0,511,511,0,Optimal,13
150,50,0.9,2,faolp,0,0,0,6,199,0,0,511,0,heuristic,9
150,50,0.9,2,faolr,0,0,0,10,199,0,0,511,0,heuristic,12
150,50,0.9,2,faosp,0,0,0,6,151,0,0,546,0,heuristic,8
150,50,0.9,2,vnd,0,0,0,0,5050,0,0,511,0,heuristic,81
150,50,0.9,3,exact,0,0,0,0,5050,0,251,251,0,Optimal,13
150,50,0.9,3,faolp,0,0,0,6,201,0,0,251,0,heuristic,8
150,50,0.9,3,faolr,0,0,0,10,201,0,0,251,0,heuristic,12
150,50,0.9,3,faosp,0,0,0,6,151,0,0,254,0,heuristic,8
150,50,0.9,3,vnd,0,0,0,0,5050,0,0,251,0,heuristic,79
150,50,0.9,4,exact,0,0,0,0,5050,0,327,327,0,Optimal,11
150,50,0.9,4,faolp,0,0,0,6,196,0,0,327,0,heuristic,8
150,50,0.9,4,faolr,0,0,0,13,196,0,0,327,0,heuristic,15
150,50,0.9,4,faosp,0,0,0,6,153,0,0,398,0,heuristic,8
150,50,0.9,4,vnd,0,0,0,0,5050,0,0,327,0,heuristic,80
150,50,0.9,5,exact,0,0,0,0,5050,0,422,422,0,Optimal,12
150,50,0.9,5,faolp,0,0,0,6,200,0,0,422,0,heuristic,8
150,50,0.9,5,faolr,0,0,0,13,200,0,0,422,0,heuristic,15
150,50,0.9,5,faosp,0,0,0,7,150,0,0,479,0,heuristic,8
150,50,0.9,5,vnd,0,0,0,0,5050,0,0,422,0,heuristic,79
200,10,0.3,1,exact,0,0,0,0,1910,486,6235.97,9632,35.2578,Feasible,3600
200,10,0.3,1,faolp,0,0,0,108,613,0,0,9246,0,heuristic,3708
200,10,0.3,1,faolr,0,0,0,300,612,0,0,9095,0,heuristic,3600
200,10,0.3,1,faosp,0,0,0,21,202,0,0,10413,0,heuristic,22
200,10,0.3,1,vnd,0,0,0,0,1910,0,0,10541,0,heuristic,287
200,10,0.3,2,exact,0,0,0,0,1910,532,14736.1,25488,42.1843,Feasible,3600
200,10,0.3,2,faolp,0,0,0,74,571,0,0,23598,0,heuristic,3674
200,10,0.3,2,faolr,0,0,0,230,571,0,0,23598,0,heuristic,3600
200,10,0.3,2,faosp,0,0,0,23,205,0,0,28121,0,heuristic,24
200,10,0.3,2,vnd,0,0,0,0,1910,0,0,28888,0,heuristic,276
200,10,0.3,3,exact,0,0,0,0,1910,636,10641.9,17616,39.5894,Feasible,3600
200,10,0.3,3,faolp,0,0,0,49,570,0,0,15799,0,heuristic,3650
200,10,0.3,3,faolr,0,0,0,224,569,0,0,15712,0,heuristic,3600
200,10,0.3,3,faosp,0,0,0,22,209,0,0,18876,0,heuristic,23
200,10,0.3,3,vnd,0,0,0,0,1910,0,0,19045,0,heuristic,277
200,10,0.3,4,exact,0,0,0,0,1910,533,11643.2,19734,40.9995,Feasible,3600
200,10,0.3,4,faolp,0,0,0,77,561,0,0,18122,0,heuristic,3677
200,10,0.3,4,faolr,0,0,0,231,561,0,0,18178,0,heuristic,3600
200,10,0.3,4,faosp,0,0,0,23,204,0,0,21411,0,heuristic,24
200,10,0.3,4,vnd,0,0,0,0,1910,0,0,23509,0,heuristic,276
200,10,0.3,5,exact,0,0,0,0,1910,365,13603.3,24589,44.6774,Feasible,3600
200,10,0.3,5,faolp,0,0,0,88,571,0,0,23044,0,heuristic,3688
200,10,0.3,5,faolr,0,0,0,401,571,0,0,23185,0,heuristic,3600
200,10,0.3,5,faosp,0,0,0,23,208,0,0,29191,0,heuristic,24
200,10,0.3,5,vnd,0,0,0,0,1910,0,0,30466,0,heuristic,276
200,10,0.6,1,exact,0,0,0,0,1910,2889,3799.7,4559,16.6549,Feasible,3600
200,10,0.6,1,faolp,0,0,0,41,411,0,0,4484,0,heuristic,3641
200,10,0.6,1,faolr,0,0,0,134,411,0,0,4484,0,heuristic,3600
200,10,0.6,1,faosp,0,0,0,31,215,0,0,5979,0,heuristic,33
200,10,0.6,1,vnd,0,0,0,0,1910,0,0,6349,0,heuristic,276
200,10,0.6,2,exact,0,0,0,0,1910,2905,10081.2,13501,25.3296,Feasible,3600
200,10,0.6,2,faolp,0,0,0,35,381,0,0,13503,0,heuristic,3635
200,10,0.6,2,faolr,0,0,0,92,381,0,0,13503,0,heuristic,3600
200,10,0.6,2,faosp,0,0,0,27,211,0,0,17223,0,heuristic,28
200,10,0.6,2,vnd,0,0,0,0,1910,0,0,17737,0,heuristic,276
200,10,0.6,3,exact,0,0,0,0,1910,3420,6494.93,7653,15.1322,Feasible,3600
200,10,0.6,3,faolp,0,0,0,29,396,0,0,7705,0,heuristic,1834
200,10,0.6,3,faolr,0,0,0,93,396,0,0,7705,0,heuristic,1916
200,10,0.6,3,faosp,0,0,0,22,204,0,0,10050,0,heuristic,23
200,10,0.6,3,vnd,0,0,0,0,1910,0,0,8216,0,heuristic,342
200,10,0.6,4,exact,0,0,0,0,1910,2341,10012.4,12963,22.762,Feasible,3600
200,10,0.6,4,faolp,0,0,0,30,421,0,0,12939,0,heuristic,3630
200,10,0.6,4,faolr,0,0,0,102,421,0,0,12939,0,heuristic,3702
200,10,0.6,4,faosp,0,0,0,28,210,0,0,15586,0,heuristic,29
200,10,0.6,4,vnd,0,0,0,0,1910,0,0,15922,0,heuristic,277
200,10,0.6,5,exact,0,0,0,0,1910,4133,11825.3,13432,11.9621,Feasible,3600
200,10,0.6,5,faolp,0,0,0,27,398,0,0,13691,0,heuristic,1825
200,10,0.6,5,faolr,0,0,0,74,398,0,0,13691,0,heuristic,1896
200,10,0.6,5,faosp,0,0,0,31,210,0,0,16461,0,heuristic,32
200,10,0.6,5,vnd,0,0,0,0,1910,0,0,13890,0,heuristic,457
200,10,0.9,1,exact,0,0,0,0,1910,2036,713,713,0,Optimal,129
200,10,0.9,1,faolp,0,0,0,19,289,0,0,713,0,heuristic,21
200,10,0.9,1,faolr,0,0,0,25,289,0,0,713,0,heuristic,26
200,10,0.9,1,faosp,0,0,0,16,205,0,0,786,0,heuristic,17
200,10,0.9,1,vnd,0,0,0,0,1910,0,0,713,0,heuristic,395
200,10,0.9,2,exact,0,0,0,0,1910,11931,3923.67,3924,0.00841489,Optimal,2913
200,10,0.9,2,faolp,0,0,0,21,286,0,0,3924,0,heuristic,35
200,10,0.9,2,faolr,0,0,0,55,286,0,0,3924,0,heuristic,69
200,10,0.9,2,faosp,0,0,0,20,213,0,0,4404,0,heuristic,21
200,10,0.9,2,vnd,0,0,0,0,1910,0,0,4033,0,heuristic,336
200,10,0.9,3,exact,0,0,0,0,1910,6354,2238.78,2239,0.00963348,Optimal,1384
200,10,0.9,3,faolp,0,0,0,17,285,0,0,2239,0,heuristic,22
200,10,0.9,3,faolr,0,0,0,31,285,0,0,2239,0,heuristic,36
200,10,0.9,3,faosp,0,0,0,21,211,0,0,2912,0,heuristic,22
200,10,0.9,3,vnd,0,0,0,0,1910,0,0,2239,0,heuristic,275
200,10,0.9,4,exact,0,0,0,0,1910,1575,4143.78,4144,0.0054285,Optimal,721
200,10,0.9,4,faolp,0,0,0,22,275,0,0,4144,0,heuristic,25
200,10,0.9,4,faolr,0,0,0,95,275,0,0,4144,0,heuristic,97
200,10,0.9,4,faosp,0,0,0,19,207,0,0,4738,0,heuristic,20
200,10,0.9,4,vnd,0,0,0,0,1910,0,0,4146,0,heuristic,336
200,10,0.9,5,exact,0,0,0,0,1910,586,4009.73,4010,0.00664924,Optimal,189
200,10,0.9,5,faolp,0,0,0,20,294,0,0,4010,0,heuristic,24
200,10,0.9,5,faolr,0,0,0,31,294,0,0,4010,0,heuristic,35
200,10,0.9,5,faosp,0,0,0,18,213,0,0,4532,0,heuristic,20
200,10,0.9,5,vnd,0,0,0,0,1910,0,0,4010,0,heuristic,337
200,25,0.3,1,exact,0,0,0,0,4400,550,2382.16,2645,9.9372,Feasible,3600
200,25,0.3,1,faolp,0,0,0,90,650,0,0,2645,0,heuristic,3691
200,25,0.3,1,faolr,0,0,0,404,649,0,0,2645,0,heuristic,3600
200,25,0.3,1,faosp,0,0,0,56,205,0,0,3016,0,heuristic,59
200,25,0.3,1,vnd,0,0,0,0,4400,0,0,2955,0,heuristic,307
200,25,0.3,2,exact,0,0,0,0,4400,912,8378.97,9063,7.54748,Feasible,3600
200,25,0.3,2,faolp,0,0,0,70,624,0,0,9075,0,heuristic,3670
200,25,0.3,2,faolr,0,0,0,287,625,0,0,9075,0,heuristic,3600
200,25,0.3,2,faosp,0,0,0,57,200,0,0,10233,0,heuristic,59
200,25,0.3,2,vnd,0,0,0,0,4400,0,0,10236,0,heuristic,64
200,25,0.3,3,exact,0,0,0,0,4400,1112,4192.01,4809,12.8299,Feasible,3600
200,25,0.3,3,faolp,0,0,0,57,592,0,0,4819,0,heuristic,3658
200,25,0.3,3,faolr,0,0,0,243,592,0,0,4819,0,heuristic,3600
200,25,0.3,3,faosp,0,0,0,58,205,0,0,5676,0,heuristic,61
200,25,0.3,3,vnd,0,0,0,0,4400,0,0,5761,0,heuristic,64
200,25,0.3,4,exact,0,0,0,0,4400,513,6504.65,7360,11.6217,Feasible,3600
200,25,0.3,4,faolp,0,0,0,95,634,0,0,7360,0,heuristic,3695
200,25,0.3,4,faolr,0,0,0,322,634,0,0,7360,0,heuristic,3600
200,25,0.3,4,faosp,0,0,0,66,206,0,0,9518,0,heuristic,69
200,25,0.3,4,vnd,0,0,0,0,4400,0,0,9670,0,heuristic,306
200,25,0.3,5,exact,0,0,0,0,4400,724,7259.65,8284,12.3654,Feasible,3600
200,25,0.3,5,faolp,0,0,0,82,661,0,0,8240,0,heuristic,3683
200,25,0.3,5,faolr,0,0,0,335,662,0,0,8240,0,heuristic,3600
200,25,0.3,5,faosp,0,0,0,64,204,0,0,9752,0,heuristic,66
200,25,0.3,5,vnd,0,0,0,0,4400,0,0,9784,0,heuristic,307
200,25,0.6,1,exact,0,0,0,0,4400,2155,1611.63,1912,15.7095,Feasible,3600
200,25,0.6,1,faolp,0,0,0,54,480,0,0,1901,0,heuristic,3655
200,25,0.6,1,faolr,0,0,0,153,479,0,0,1901,0,heuristic,3600
200,25,0.6,1,faosp,0,0,0,57,208,0,0,2347,0,heuristic,60
200,25,0.6,1,vnd,0,0,0,0,4400,0,0,2336,0,heuristic,307
200,25,0.6,2,exact,0,0,0,0,4400,2927,4479.11,5016,10.7035,Feasible,3600
200,25,0.6,2,faolp,0,0,0,52,428,0,0,5046,0,heuristic,1148
200,25,0.6,2,faolr,0,0,0,187,428,0,0,5046,0,heuristic,1304
200,25,0.6,2,faosp,0,0,0,50,211,0,0,5549,0,heuristic,52
200,25,0.6,2,vnd,0,0,0,0,4400,0,0,5675,0,heuristic,306
200,25,0.6,3,exact,0,0,0,0,4400,4089,3658.87,4045,9.54586,Feasible,3600
200,25,0.6,3,faolp,0,0,0,52,447,0,0,4076,0,heuristic,3653
200,25,0.6,3,faolr,0,0,0,171,447,0,0,4076,0,heuristic,3600
200,25,0.6,3,faosp,0,0,0,45,209,0,0,5068,0,heuristic,48
200,25,0.6,3,vnd,0,0,0,0,4400,0,0,5146,0,heuristic,305
200,25,0.6,4,exact,0,0,0,0,4400,8058,3913.11,4203,6.89713,Feasible,3600
200,25,0.6,4,faolp,0,0,0,49,410,0,0,4205,0,heuristic,190
200,25,0.6,4,faolr,0,0,0,113,409,0,0,4205,0,heuristic,201
200,25,0.6,4,faosp,0,0,0,45,213,0,0,4606,0,heuristic,48
200,25,0.6,4,vnd,0,0,0,0,4400,0,0,4674,0,heuristic,308
200,25,0.6,5,exact,0,0,0,0,4400,2592,4822.71,5711,15.554,Feasible,3600
200,25,0.6,5,faolp,0,0,0,56,467,0,0,5692,0,heuristic,3657
200,25,0.6,5,faolr,0,0,0,207,466,0,0,5692,0,heuristic,3600
200,25,0.6,5,faosp,0,0,0,46,214,0,0,6761,0,heuristic,49
200,25,0.6,5,vnd,0,0,0,0,4400,0,0,7117,0,heuristic,306
200,25,0.9,1,exact,0,0,0,0,4400,1924,493,493,0,Optimal,116
200,25,0.9,1,faolp,0,0,0,27,302,0,0,493,0,heuristic,30
200,25,0.9,1,faolr,0,0,0,48,302,0,0,493,0,heuristic,50
200,25,0.9,1,faosp,0,0,0,35,209,0,0,548,0,heuristic,37
200,25,0.9,1,vnd,0,0,0,0,4400,0,0,493,0,heuristic,281
200,25,0.9,2,exact,0,0,0,0,4400,1859,1511.88,1512,0.00789716,Optimal,322
200,25,0.9,2,faolp,0,0,0,25,310,0,0,1512,0,heuristic,30
200,25,0.9,2,faolr,0,0,0,49,310,0,0,1512,0,heuristic,54
200,25,0.9,2,faosp,0,0,0,30,207,0,0,1691,0,heuristic,32
200,25,0.9,2,vnd,0,0,0,0,4400,0,0,1512,0,heuristic,363
200,25,0.9,3,exact,0,0,0,0,4400,12754,1253.88,1254,0.00992232,Optimal,1640
200,25,0.9,3,faolp,0,0,0,24,317,0,0,1256,0,heuristic,30
200,25,0.9,3,faolr,0,0,0,36,315,0,0,1256,0,heuristic,43
200,25,0.9,3,faosp,0,0,0,36,209,0,0,1623,0,heuristic,38
200,25,0.9,3,vnd,0,0,0,0,4400,0,0,1254,0,heuristic,424
200,25,0.9,4,exact,0,0,0,0,4400,0,776.977,777,0.0029428,Optimal,41
200,25,0.9,4,faolp,0,0,0,24,291,0,0,777,0,heuristic,27
200,25,0.9,4,faolr,0,0,0,36,291,0,0,777,0,heuristic,39
200,25,0.9,4,faosp,0,0,0,29,203,0,0,1307,0,heuristic,31
200,25,0.9,4,vnd,0,0,0,0,4400,0,0,777,0,heuristic,230
200,25,0.9,5,exact,0,0,0,0,4400,1248,1649.9,1650,0.00587612,Optimal,127
200,25,0.9,5,faolp,0,0,0,22,310,0,0,1654,0,heuristic,25
200,25,0.9,5,faolr,0,0,0,31,309,0,0,1654,0,heuristic,34
200,25,0.9,5,faosp,0,0,0,31,213,0,0,1853,0,heuristic,33
200,25,0.9,5,vnd,0,0,0,0,4400,0,0,1650,0,heuristic,363
200,5,0.3,1,exact,0,0,0,0,980,937,14543.2,22583,35.6013,Feasible,3600
200,5,0.3,1,faolp,0,0,0,49,508,0,0,22572,0,heuristic,3649
200,5,0.3,1,faolr,0,0,0,172,508,0,0,22572,0,heuristic,3772
200,5,0.3,1,faosp,0,0,0,64,226,0,0,23934,0,heuristic,65
200,5,0.3,1,vnd,0,0,0,0,980,0,0,26130,0,heuristic,20
200,5,0.3,2,exact,0,0,0,0,980,1123,34180,52019,34.2932,Feasible,3600
200,5,0.3,2,faolp,0,0,0,47,470,0,0,51494,0,heuristic,3647
200,5,0.3,2,faolr,0,0,0,97,470,0,0,51494,0,heuristic,3600
200,5,0.3,2,faosp,0,0,0,51,215,0,0,65362,0,heuristic,51
200,5,0.3,2,vnd,0,0,0,0,980,0,0,67615,0,heuristic,20
200,5,0.3,3,exact,0,0,0,0,980,1721,19467.4,31006,37.214,Feasible,3600
200,5,0.3,3,faolp,0,0,0,31,465,0,0,30266,0,heuristic,3631
200,5,0.3,3,faolr,0,0,0,158,465,0,0,30311,0,heuristic,3600
200,5,0.3,3,faosp,0,0,0,37,211,0,0,37293,0,heuristic,37
200,5,0.3,3,vnd,0,0,0,0,980,0,0,39274,0,heuristic,20
200,5,0.3,4,exact,0,0,0,0,980,1270,26707.8,40648,34.295,Feasible,3600
200,5,0.3,4,faolp,0,0,0,62,459,0,0,37418,0,heuristic,3662
200,5,0.3,4,faolr,0,0,0,164,459,0,0,37418,0,heuristic,3600
200,5,0.3,4,faosp,0,0,0,41,216,0,0,44862,0,heuristic,42
200,5,0.3,4,vnd,0,0,0,0,980,0,0,45976,0,heuristic,20
200,5,0.3,5,exact,0,0,0,0,980,1663,38143.3,59188,35.5557,Feasible,3600
200,5,0.3,5,faolp,0,0,0,35,481,0,0,56493,0,heuristic,3635
200,5,0.3,5,faolr,0,0,0,189,481,0,0,56493,0,heuristic,3600
200,5,0.3,5,faosp,0,0,0,172,223,0,0,69853,0,heuristic,173
200,5,0.3,5,vnd,0,0,0,0,980,0,0,74130,0,heuristic,261
200,5,0.6,1,exact,0,0,0,0,980,3127,5427.14,6088,10.8551,Feasible,3600
200,5,0.6,1,faolp,0,0,0,14,328,0,0,6099,0,heuristic,28
200,5,0.6,1,faolr,0,0,0,69,328,0,0,6099,0,heuristic,84
200,5,0.6,1,faosp,0,0,0,32,207,0,0,8812,0,heuristic,33
200,5,0.6,1,vnd,0,0,0,0,980,0,0,6107,0,heuristic,441
200,5,0.6,2,exact,0,0,0,0,980,2634,17757.2,23480,24.3731,Feasible,3600
200,5,0.6,2,faolp,0,0,0,11,351,0,0,24819,0,heuristic,321
200,5,0.6,2,faolr,0,0,0,42,351,0,0,24819,0,heuristic,355
200,5,0.6,2,faosp,0,0,0,51,214,0,0,38541,0,heuristic,52
200,5,0.6,2,vnd,0,0,0,0,980,0,0,26073,0,heuristic,441
200,5,0.6,3,exact,0,0,0,0,980,7495,18143.4,18913,4.06908,Feasible,3600
200,5,0.6,3,faolp,0,0,0,18,366,0,0,18913,0,heuristic,106
200,5,0.6,3,faolr,0,0,0,84,366,0,0,18913,0,heuristic,174
200,5,0.6,3,faosp,0,0,0,43,212,0,0,23175,0,heuristic,44
200,5,0.6,3,vnd,0,0,0,0,980,0,0,19010,0,heuristic,381
200,5,0.6,4,exact,0,0,0,0,980,13046,16113.4,16115,0.0099175,Optimal,3183
200,5,0.6,4,faolp,0,0,0,30,346,0,0,16116,0,heuristic,51
200,5,0.6,4,faolr,0,0,0,94,345,0,0,16116,0,heuristic,119
200,5,0.6,4,faosp,0,0,0,45,214,0,0,19107,0,heuristic,45
200,5,0.6,4,vnd,0,0,0,0,980,0,0,16123,0,heuristic,381
200,5,0.6,5,exact,0,0,0,0,980,5593,24812.7,27503,9.7819,Feasible,3600
200,5,0.6,5,faolp,0,0,0,18,361,0,0,27503,0,heuristic,162
200,5,0.6,5,faolr,0,0,0,48,361,0,0,27503,0,heuristic,194
200,5,0.6,5,faosp,0,0,0,43,214,0,0,32925,0,heuristic,44
200,5,0.6,5,vnd,0,0,0,0,980,0,0,30747,0,heuristic,261
200,5,0.9,1,exact,0,0,0,0,980,1174,4058.63,4059,0.00908017,Optimal,151
200,5,0.9,1,faolp,0,0,0,10,296,0,0,4059,0,heuristic,14
200,5,0.9,1,faolr,0,0,0,20,296,0,0,4059,0,heuristic,25
200,5,0.9,1,faosp,0,0,0,24,203,0,0,6294,0,heuristic,24
200,5,0.9,1,vnd,0,0,0,0,980,0,0,4059,0,heuristic,261
200,5,0.9,2,exact,0,0,0,0,980,1928,9218.64,9219,0.00390953,Optimal,151
200,5,0.9,2,faolp,0,0,0,9,278,0,0,9446,0,heuristic,10
200,5,0.9,2,faolr,0,0,0,24,278,0,0,9446,0,heuristic,26
200,5,0.9,2,faosp,0,0,0,19,207,0,0,9692,0,heuristic,20
200,5,0.9,2,vnd,0,0,0,0,980,0,0,9219,0,heuristic,260
200,5,0.9,3,exact,0,0,0,0,980,833,5482.51,5483,0.0089171,Optimal,78
200,5,0.9,3,faolp,0,0,0,11,281,0,0,5491,0,heuristic,12
200,5,0.9,3,faolr,0,0,0,44,282,0,0,5491,0,heuristic,45
200,5,0.9,3,faosp,0,0,0,17,204,0,0,7306,0,heuristic,17
200,5,0.9,3,vnd,0,0,0,0,980,0,0,5483,0,heuristic,350
200,5,0.9,4,exact,0,0,0,0,980,1173,8278.2,8279,0.00970507,Optimal,88
200,5,0.9,4,faolp,0,0,0,10,276,0,0,8279,0,heuristic,11
200,5,0.9,4,faolr,0,0,0,23,276,0,0,8279,0,heuristic,24
200,5,0.9,4,faosp,0,0,0,13,206,0,0,10281,0,heuristic,14
200,5,0.9,4,vnd,0,0,0,0,980,0,0,8279,0,heuristic,180
200,5,0.9,5,exact,0,0,0,0,980,37,2859,2859,0,Optimal,22
200,5,0.9,5,faolp,0,0,0,7,280,0,0,2862,0,heuristic,8
200,5,0.9,5,faolr,0,0,0,9,280,0,0,2862,0,heuristic,10
200,5,0.9,5,faosp,0,0,0,11,205,0,0,3167,0,heuristic,11
200,5,0.9,5,vnd,0,0,0,0,980,0,0,2859,0,heuristic,80
200,50,0.3,1,exact,0,0,0,0,7550,0,1178.95,1179,0.00385535,Optimal,111
200,50,0.3,1,faolp,0,0,0,37,472,0,0,1181,0,heuristic,43
200,50,0.3,1,faolr,0,0,0,82,471,0,0,1183,0,heuristic,88
200,50,0.3,1,faosp,0,0,0,54,204,0,0,1276,0,heuristic,59
200,50,0.3,1,vnd,0,0,0,0,7550,0,0,1286,0,heuristic,327
200,50,0.3,2,exact,0,0,0,0,7550,0,4100,4100,0,Optimal,111
200,50,0.3,2,faolp,0,0,0,50,493,0,0,4100,0,heuristic,56
200,50,0.3,2,faolr,0,0,0,133,491,0,0,4100,0,heuristic,139
200,50,0.3,2,faosp,0,0,0,62,203,0,0,4501,0,heuristic,66
200,50,0.3,2,vnd,0,0,0,0,7550,0,0,4200,0,heuristic,385
200,50,0.3,3,exact,0,0,0,0,7550,2094,2737.95,2738,0.00165,Optimal,709
200,50,0.3,3,faolp,0,0,0,42,426,0,0,2738,0,heuristic,49
200,50,0.3,3,faolr,0,0,0,102,425,0,0,2738,0,heuristic,108
200,50,0.3,3,faosp,0,0,0,52,201,0,0,3133,0,heuristic,57
200,50,0.3,3,vnd,0,0,0,0,7550,0,0,2771,0,heuristic,445
200,50,0.3,4,exact,0,0,0,0,7550,114,3087.71,3088,0.00950151,Optimal,137
200,50,0.3,4,faolp,0,0,0,41,475,0,0,3091,0,heuristic,47
200,50,0.3,4,faolr,0,0,0,88,473,0,0,3091,0,heuristic,93
200,50,0.3,4,faosp,0,0,0,56,202,0,0,3679,0,heuristic,60
200,50,0.3,4,vnd,0,0,0,0,7550,0,0,3088,0,heuristic,385
200,50,0.3,5,exact,0,0,0,0,7550,12,3657.77,3658,0.00634273,Optimal,150
200,50,0.3,5,faolp,0,0,0,47,500,0,0,3667,0,heuristic,53
200,50,0.3,5,faolr,0,0,0,135,499,0,0,3667,0,heuristic,147
200,50,0.3,5,faosp,0,0,0,64,202,0,0,3946,0,heuristic,68
200,50,0.3,5,vnd,0,0,0,0,7550,0,0,3791,0,heuristic,386
200,50,0.6,1,exact,0,0,0,0,7550,8,859,859,0,Optimal,65
200,50,0.6,1,faolp,0,0,0,28,408,0,0,859,0,heuristic,34
200,50,0.6,1,faolr,0,0,0,59,407,0,0,859,0,heuristic,65
200,50,0.6,1,faosp,0,0,0,32,203,0,0,919,0,heuristic,36
200,50,0.6,1,vnd,0,0,0,0,7550,0,0,859,0,heuristic,318
200,50,0.6,2,exact,0,0,0,0,7550,1074,2761,2761,0,Optimal,156
200,50,0.6,2,faolp,0,0,0,39,419,0,0,2766,0,heuristic,50
200,50,0.6,2,faolr,0,0,0,100,419,0,0,2766,0,heuristic,111
200,50,0.6,2,faosp,0,0,0,38,208,0,0,3248,0,heuristic,42
200,50,0.6,2,vnd,0,0,0,0,7550,0,0,2761,0,heuristic,444
200,50,0.6,3,exact,0,0,0,0,7550,0,1651.89,1652,0.00680816,Optimal,57
200,50,0.6,3,faolp,0,0,0,32,369,0,0,1652,0,heuristic,37
200,50,0.6,3,faolr,0,0,0,70,368,0,0,1652,0,heuristic,74
200,50,0.6,3,faosp,0,0,0,32,200,0,0,1849,0,heuristic,36
200,50,0.6,3,vnd,0,0,0,0,7550,0,0,1652,0,heuristic,292
200,50,0.6,4,exact,0,0,0,0,7550,252,2504.78,2505,0.00895678,Optimal,86
200,50,0.6,4,faolp,0,0,0,43,399,0,0,2507,0,heuristic,49
200,50,0.6,4,faolr,0,0,0,108,399,0,0,2507,0,heuristic,114
200,50,0.6,4,faosp,0,0,0,33,207,0,0,3004,0,heuristic,37
200,50,0.6,4,vnd,0,0,0,0,7550,0,0,2505,0,heuristic,322
200,50,0.6,5,exact,0,0,0,0,7550,1001,2415.8,2416,0.00818532,Optimal,152
200,50,0.6,5,faolp,0,0,0,33,372,0,0,2419,0,heuristic,40
200,50,0.6,5,faolr,0,0,0,89,372,0,0,2419,0,heuristic,95
200,50,0.6,5,faosp,0,0,0,33,204,0,0,2875,0,heuristic,38
200,50,0.6,5,vnd,0,0,0,0,7550,0,0,2425,0,heuristic,446
200,50,0.9,1,exact,0,0,0,0,7550,0,280,280,0,Optimal,42
200,50,0.9,1,faolp,0,0,0,21,300,0,0,280,0,heuristic,26
200,50,0.9,1,faolr,0,0,0,55,297,0,0,280,0,heuristic,59
200,50,0.9,1,faosp,0,0,0,19,204,0,0,310,0,heuristic,24
200,50,0.9,1,vnd,0,0,0,0,7550,0,0,280,0,heuristic,227
200,50,0.9,2,exact,0,0,0,0,7550,0,721,721,0,Optimal,37
200,50,0.9,2,faolp,0,0,0,19,281,0,0,721,0,heuristic,24
200,50,0.9,2,faolr,0,0,0,27,281,0,0,721,0,heuristic,31
200,50,0.9,2,faosp,0,0,0,17,203,0,0,829,0,heuristic,21
200,50,0.9,2,vnd,0,0,0,0,7550,0,0,721,0,heuristic,234
200,50,0.9,3,exact,0,0,0,0,7550,0,421,421,0,Optimal,38
200,50,0.9,3,faolp,0,0,0,15,279,0,0,421,0,heuristic,20
200,50,0.9,3,faolr,0,0,0,24,279,0,0,421,0,heuristic,28
200,50,0.9,3,faosp,0,0,0,17,201,0,0,436,0,heuristic,22
200,50,0.9,3,vnd,0,0,0,0,7550,0,0,421,0,heuristic,237
200,50,0.9,4,exact,0,0,0,0,7550,0,543,543,0,Optimal,38
200,50,0.9,4,faolp,0,0,0,17,277,0,0,545,0,heuristic,21
200,50,0.9,4,faolr,0,0,0,34,277,0,0,545,0,heuristic,38
200,50,0.9,4,faosp,0,0,0,18,205,0,0,657,0,heuristic,22
200,50,0.9,4,vnd,0,0,0,0,7550,0,0,543,0,heuristic,215
200,50,0.9,5,exact,0,0,0,0,7550,0,735,735,0,Optimal,38
200,50,0.9,5,faolp,0,0,0,19,292,0,0,735,0,heuristic,24
200,50,0.9,5,faolr,0,0,0,41,292,0,0,735,0,heuristic,46
200,50,0.9,5,faosp,0,0,0,19,202,0,0,844,0,heuristic,24
200,50,0.9,5,vnd,0,0,0,0,7550,0,0,735,0,heuristic,243
