dataset,benchmark,inputs,outputs,size,depth,has-simd,threads,computers,bitset-size,has-cache,has-gray-code,has-sort,has-watch,max-memory,sum-memory,same-found,done,complete,time,energy,ids
EPFL,log2,32,32,32125,444,1,4,16,19,1,1,0,0,1368915968,21429735424,113851360,16,1,89.86775783200001,20908.453497073344,0 1 2 3 4 5 6 7 8 9 10 11 12 13 14 15
EPFL,log2,32,32,32125,444,1,4,16,19,1,1,1,0,1467719680,23012790272,115014144,16,1,102.83479586,20908.453497073344,16 17 18 19 20 21 22 23 24 25 26 27 28 29 30 31
EPFL,sin,24,25,5466,225,1,4,16,19,1,1,0,0,274833408,4219830272,608,16,1,0.143293692,3409.4708228567447,32 33 34 35 36 37 38 39 40 41 42 43 44 45 46 47
EPFL,sin,24,25,5466,225,1,4,16,19,1,1,1,0,341090304,5418786816,85472,16,1,0.117953598,3409.4708228567447,48 49 50 51 52 53 54 55 56 57 58 59 60 61 62 63
MCNC,apex2,39,3,488,29,1,4,16,19,1,1,0,0,21409792,332656640,406231792,16,1,13.362101961999999,426.9584486255053,64 65 66 67 68 69 70 71 72 73 74 75 76 77 78 79
MCNC,apex2,39,3,488,29,1,4,16,19,1,1,1,0,18599936,276189184,496857104,16,1,2.1163956710000003,426.9584486255053,80 81 82 83 84 85 86 87 88 89 90 91 92 93 94 95
MCNC,b3,32,20,578,28,1,4,16,19,1,1,0,0,21053440,313286656,3170384,16,1,0.131004317,512.8894182210241,96 97 98 99 100 101 102 103 104 105 106 107 108 109 110 111
MCNC,b3,32,20,578,28,1,4,16,19,1,1,1,0,28626944,379723776,4381248,16,1,0.038134345,512.8894182210241,112 113 114 115 116 117 118 119 120 121 122 123 124 125 126 127
MCNC,b4,33,23,427,19,1,4,16,19,1,1,0,0,19709952,290144256,5350032,16,1,0.113144683,365.8322130825562,128 129 130 131 132 133 134 135 136 137 138 139 140 141 142 143
MCNC,b4,33,23,427,19,1,4,16,19,1,1,1,0,18296832,254894080,6545680,16,1,0.027820646,365.8322130825562,144 145 146 147 148 149 150 151 152 153 154 155 156 157 158 159
MCNC,b9,41,21,172,10,1,4,16,19,1,1,0,0,8859648,135753728,604833840,16,1,2.60580692,107.9302290344771,160 161 162 163 164 165 166 167 168 169 170 171 172 173 174 175
MCNC,b9,41,21,172,10,1,4,16,19,1,1,1,0,8265728,119492608,618620656,16,1,1.967312436,107.9302290344771,176 177 178 179 180 181 182 183 184 185 186 187 188 189 190 191
MCNC,bc0,26,11,1630,31,1,4,16,19,1,1,0,0,83595264,1334628352,157616,16,1,0.037619969,1426.9733695031107,192 193 194 195 196 197 198 199 200 201 202 203 204 205 206 207
MCNC,bc0,26,11,1630,31,1,4,16,19,1,1,1,0,58195968,899891200,181104,16,1,0.030974166,1426.9733695031107,208 209 210 211 212 213 214 215 216 217 218 219 220 221 222 223
MCNC,bca,26,46,3743,26,1,4,16,19,1,1,0,0,73203712,1101963264,251808,16,1,0.06287531,3458.4838042842657,224 225 226 227 228 229 230 231 232 233 234 235 236 237 238 239
MCNC,bca,26,46,3743,26,1,4,16,19,1,1,1,0,103342080,1293688832,413840,16,1,0.052787644999999994,3458.4838042842657,240 241 242 243 244 245 246 247 248 249 250 251 252 253 254 255
MCNC,bcb,26,39,3381,26,1,4,16,19,1,1,0,0,71446528,1068527616,235728,16,1,0.05801231,3117.986744085512,256 257 258 259 260 261 262 263 264 265 266 267 268 269 270 271
MCNC,bcb,26,39,3381,26,1,4,16,19,1,1,1,0,91398144,1264152576,374080,16,1,0.047541033999999996,3117.986744085512,272 273 274 275 276 277 278 279 280 281 282 283 284 285 286 287
MCNC,bcc,26,45,3313,25,1,4,16,19,1,1,0,0,67719168,990695424,222816,16,1,0.061564457,3073.953312947363,288 289 290 291 292 293 294 295 296 297 298 299 300 301 302 303
MCNC,bcc,26,45,3313,25,1,4,16,19,1,1,1,0,82575360,1205977088,365792,16,1,0.047425825000000005,3073.953312947363,304 305 306 307 308 309 310 311 312 313 314 315 316 317 318 319
MCNC,bcd,26,38,2372,25,1,4,16,19,1,1,0,0,58245120,826642432,156832,16,1,0.042761053,2182.068735903628,320 321 322 323 324 325 326 327 328 329 330 331 332 333 334 335
MCNC,bcd,26,38,2372,25,1,4,16,19,1,1,1,0,60194816,826765312,261184,16,1,0.03221596,2182.068735903628,336 337 338 339 340 341 342 343 344 345 346 347 348 349 350 351
MCNC,c8,28,18,217,9,1,4,16,19,1,1,0,0,13189120,197578752,94320,16,1,0.006083106999999999,165.46494125859792,512 513 514 515 516 517 518 519 520 521 522 523 524 525 526 527
MCNC,c8,28,18,217,9,1,4,16,19,1,1,1,0,12189696,178393088,95728,16,1,0.005755309,165.46494125859792,528 529 530 531 532 533 534 535 536 537 538 539 540 541 542 543
MCNC,C432,36,7,253,42,1,4,16,19,1,1,0,0,15462400,238006272,9545840,16,1,3.887837747,164.2886786899319,416 417 418 419 420 421 422 423 424 425 426 427 428 429 430 431
MCNC,C432,36,7,253,42,1,4,16,19,1,1,1,0,16162816,228126720,24888624,16,1,1.5198510049999998,164.2886786899319,432 433 434 435 436 437 438 439 440 441 442 443 444 445 446 447
MCNC,C499,41,32,474,20,1,4,16,19,1,1,0,0,21336064,310210560,775148931,8,0,120.002760353,0.0,448 449 450 451 452 453 454 455 456 457 458 459 460 461 462 463
MCNC,C499,41,32,474,20,1,4,16,19,1,1,1,0,23613440,375697408,748976511,0,0,120.002990703,0.0,464 465 466 467 468 469 470 471 472 473 474 475 476 477 478 479
MCNC,C1355,41,32,578,26,1,4,16,19,1,1,0,0,24059904,352178176,831757385,0,0,120.011129457,0.0,352 353 354 355 356 357 358 359 360 361 362 363 364 365 366 367
MCNC,C1355,41,32,578,26,1,4,16,19,1,1,1,0,27406336,435580928,629159946,0,0,120.003257799,0.0,368 369 370 371 372 373 374 375 376 377 378 379 380 381 382 383
MCNC,C1908,33,25,473,32,1,4,16,19,1,1,0,0,21676032,280956928,3119216,16,1,1.484274248,332.4177280528571,384 385 386 387 388 389 390 391 392 393 394 395 396 397 398 399
MCNC,C1908,33,25,473,32,1,4,16,19,1,1,1,0,26509312,365682688,5482368,16,1,0.294823334,332.4177280528571,400 401 402 403 404 405 406 407 408 409 410 411 412 413 414 415
MCNC,C6288,32,32,2402,120,1,4,16,19,1,1,0,0,135249920,2127937536,16524928,16,1,1.167174111,1665.1549721223948,480 481 482 483 484 485 486 487 488 489 490 491 492 493 494 495
MCNC,C6288,32,32,2402,120,1,4,16,19,1,1,1,0,131235840,1927766016,17197120,16,1,0.745739723,1665.1549721223948,496 497 498 499 500 501 502 503 504 505 506 507 508 509 510 511
MCNC,cc,21,20,107,4,1,4,16,19,1,1,0,0,5767168,88932352,0,16,1,0.00251674,57.7277952544946,544 545 546 547 548 549 550 551 552 553 554 555 556 557 558 559
MCNC,cc,21,20,107,4,1,4,16,19,1,1,1,0,4825088,75182080,0,16,1,0.002440836,57.7277952544946,560 561 562 563 564 565 566 567 568 569 570 571 572 573 574 575
MCNC,chkn,29,7,468,29,1,4,16,19,1,1,0,0,24875008,383033344,431088,16,1,0.020439657,423.6970959212151,576 577 578 579 580 581 582 583 584 585 586 587 588 589 590 591
MCNC,chkn,29,7,468,29,1,4,16,19,1,1,1,0,22695936,342605824,461200,16,1,0.010386433,423.6970959212151,592 593 594 595 596 597 598 599 600 601 602 603 604 605 606 607
MCNC,cm150a,21,1,84,13,1,4,16,19,1,1,0,0,5459968,80093184,0,16,1,0.002509623,60.953039964779336,608 609 610 611 612 613 614 615 616 617 618 619 620 621 622 623
MCNC,cm150a,21,1,84,13,1,4,16,19,1,1,1,0,4993024,76918784,0,16,1,0.002420069,60.953039964779336,624 625 626 627 628 629 630 631 632 633 634 635 636 637 638 639
MCNC,comp,32,3,146,18,1,4,16,19,1,1,0,0,10473472,164139008,1020496,16,1,0.032501628,93.03310703110215,640 641 642 643 644 645 646 647 648 649 650 651 652 653 654 655
MCNC,comp,32,3,146,18,1,4,16,19,1,1,1,0,10461184,162693120,1031920,16,1,0.010763485,93.03310703110215,656 657 658 659 660 661 662 663 664 665 666 667 668 669 670 671
MCNC,cordic,23,2,109,13,1,4,16,19,1,1,0,0,10219520,151785472,0,16,1,0.003805615,79.70643485513843,672 673 674 675 676 677 678 679 680 681 682 683 684 685 686 687
MCNC,cordic,23,2,109,13,1,4,16,19,1,1,1,0,9408512,145879040,0,16,1,0.0036469609999999998,79.70643485513843,688 689 690 691 692 693 694 695 696 697 698 699 700 701 702 703
MCNC,count,35,16,179,20,1,4,16,19,1,1,0,0,12505088,194048000,10352160,16,1,0.049830002,103.04167556305813,704 705 706 707 708 709 710 711 712 713 714 715 716 717 718 719
MCNC,count,35,16,179,20,1,4,16,19,1,1,1,0,11821056,145764352,10352160,16,1,0.048160510999999996,103.04167556305813,720 721 722 723 724 725 726 727 728 729 730 731 732 733 734 735
MCNC,cps,24,109,2070,31,1,4,16,19,1,1,0,0,87601152,1312481280,26736,16,1,0.035179159,1883.5914987066144,736 737 738 739 740 741 742 743 744 745 746 747 748 749 750 751
MCNC,cps,24,109,2070,31,1,4,16,19,1,1,1,0,74199040,1080864768,31344,16,1,0.036484497000000005,1883.5914987066144,752 753 754 755 756 757 758 759 760 761 762 763 764 765 766 767
MCNC,duke2,22,29,746,21,1,4,16,19,1,1,0,0,21360640,328740864,0,16,1,0.012165009000000001,679.6754882957003,768 769 770 771 772 773 774 775 776 777 778 779 780 781 782 783
MCNC,duke2,22,29,746,21,1,4,16,19,1,1,1,0,16760832,238981120,0,16,1,0.01144268,679.6754882957003,784 785 786 787 788 789 790 791 792 793 794 795 796 797 798 799
MCNC,exep,30,63,905,24,1,4,16,19,1,1,0,0,18001920,249561088,596880,16,1,0.034109787,816.8718505099215,800 801 802 803 804 805 806 807 808 809 810 811 812 813 814 815
MCNC,exep,30,63,905,24,1,4,16,19,1,1,1,0,18079744,246992896,1644768,16,1,0.019668595,816.8718505099215,816 817 818 819 820 821 822 823 824 825 826 827 828 829 830 831
MCNC,frg1,28,3,158,19,1,4,16,19,1,1,0,0,12587008,198000640,71952,16,1,0.005286946000000001,123.88287980905704,832 833 834 835 836 837 838 839 840 841 842 843 844 845 846 847
MCNC,frg1,28,3,158,19,1,4,16,19,1,1,1,0,10702848,153645056,74752,16,1,0.004503042,123.88287980905704,848 849 850 851 852 853 854 855 856 857 858 859 860 861 862 863
MCNC,i1,25,16,82,11,1,4,16,19,1,1,0,0,6967296,109838336,2592,16,1,0.002366468,36.149401274972654,864 865 866 867 868 869 870 871 872 873 874 875 876 877 878 879
MCNC,i1,25,16,82,11,1,4,16,19,1,1,1,0,7692288,106450944,3024,16,1,0.00280361,36.149401274972654,880 881 882 883 884 885 886 887 888 889 890 891 892 893 894 895
MCNC,in3,35,29,640,24,1,4,16,19,1,1,0,0,11612160,159760384,27070672,16,1,0.25195251399999996,549.3280277400545,896 897 898 899 900 901 902 903 904 905 906 907 908 909 910 911
MCNC,in3,35,29,640,24,1,4,16,19,1,1,1,0,21700608,299454464,39441152,16,1,0.15679477700000002,549.3280277400545,912 913 914 915 916 917 918 919 920 921 922 923 924 925 926 927
MCNC,in4,32,20,599,28,1,4,16,19,1,1,0,0,21966848,321789952,3268928,16,1,0.128293942,535.1631034230417,928 929 930 931 932 933 934 935 936 937 938 939 940 941 942 943
MCNC,in4,32,20,599,28,1,4,16,19,1,1,1,0,29769728,390606848,4525296,16,1,0.043712962,535.1631034230417,944 945 946 947 948 949 950 951 952 953 954 955 956 957 958 959
MCNC,in5,24,14,501,19,1,4,16,19,1,1,0,0,31752192,498556928,5328,16,1,0.011431977,450.4685588288142,960 961 962 963 964 965 966 967 968 969 970 971 972 973 974 975
MCNC,in5,24,14,501,19,1,4,16,19,1,1,1,0,25042944,343678976,7696,16,1,0.009726348,450.4685588288142,976 977 978 979 980 981 982 983 984 985 986 987 988 989 990 991
MCNC,in6,33,23,435,19,1,4,16,19,1,1,0,0,19779584,290398208,5390736,16,1,0.134759295,375.821039263835,992 993 994 995 996 997 998 999 1000 1001 1002 1003 1004 1005 1006 1007
MCNC,in6,33,23,435,19,1,4,16,19,1,1,1,0,18276352,256991232,6660256,16,1,0.036394761000000005,375.821039263835,1008 1009 1010 1011 1012 1013 1014 1015 1016 1017 1018 1019 1020 1021 1022 1023
MCNC,in7,26,10,204,19,1,4,16,19,1,1,0,0,12443648,179314688,15344,16,1,0.006912076,162.67284307024366,1024 1025 1026 1027 1028 1029 1030 1031 1032 1033 1034 1035 1036 1037 1038 1039
MCNC,in7,26,10,204,19,1,4,16,19,1,1,1,0,12443648,187957248,21280,16,1,0.0057805,162.67284307024366,1040 1041 1042 1043 1044 1045 1046 1047 1048 1049 1050 1051 1052 1053 1054 1055
MCNC,jbp,36,57,640,16,1,4,16,19,1,1,0,0,12636160,179142656,54487952,16,1,0.888115401,545.9094252274901,1056 1057 1058 1059 1060 1061 1062 1063 1064 1065 1066 1067 1068 1069 1070 1071
MCNC,jbp,36,57,640,16,1,4,16,19,1,1,1,0,21303296,315203584,75762336,16,1,0.252701804,545.9094252274901,1072 1073 1074 1075 1076 1077 1078 1079 1080 1081 1082 1083 1084 1085 1086 1087
MCNC,lal,26,19,157,8,1,4,16,19,1,1,0,0,10305536,160980992,14352,16,1,0.00535137,106.50808440023495,1088 1089 1090 1091 1092 1093 1094 1095 1096 1097 1098 1099 1100 1101 1102 1103
MCNC,lal,26,19,157,8,1,4,16,19,1,1,1,0,9834496,147156992,15120,16,1,0.004081367,106.50808440023495,1104 1105 1106 1107 1108 1109 1110 1111 1112 1113 1114 1115 1116 1117 1118 1119
MCNC,mainpla,27,54,5433,38,1,4,16,19,1,1,0,0,227028992,3628187648,877696,16,1,0.19176617799999998,4686.4911823206,1120 1121 1122 1123 1124 1125 1126 1127 1128 1129 1130 1131 1132 1133 1134 1135
MCNC,mainpla,27,54,5433,38,1,4,16,19,1,1,1,0,214102016,3083640832,1281872,16,1,0.100222917,4686.4911823206,1136 1137 1138 1139 1140 1141 1142 1143 1144 1145 1146 1147 1148 1149 1150 1151
MCNC,mark1,20,31,520,32,1,4,16,19,1,1,0,0,7471104,104964096,0,16,1,0.006991151000000001,455.8384475578987,1152 1153 1154 1155 1156 1157 1158 1159 1160 1161 1162 1163 1164 1165 1166 1167
MCNC,mark1,20,31,520,32,1,4,16,19,1,1,1,0,6856704,92372992,0,16,1,0.006991625999999999,455.8384475578987,1168 1169 1170 1171 1172 1173 1174 1175 1176 1177 1178 1179 1180 1181 1182 1183
MCNC,misex2,25,18,163,11,1,4,16,19,1,1,0,0,9834496,147087360,3664,16,1,0.004444644,126.79042966490502,1184 1185 1186 1187 1188 1189 1190 1191 1192 1193 1194 1195 1196 1197 1198 1199
MCNC,misex2,25,18,163,11,1,4,16,19,1,1,1,0,8216576,126320640,6736,16,1,0.006133065,126.79042966490502,1200 1201 1202 1203 1204 1205 1206 1207 1208 1209 1210 1211 1212 1213 1214 1215
MCNC,misj,35,14,93,6,1,4,16,19,1,1,0,0,6807552,106033152,4797968,16,1,0.016533272999999998,42.78146116985364,1216 1217 1218 1219 1220 1221 1222 1223 1224 1225 1226 1227 1228 1229 1230 1231
MCNC,misj,35,14,93,6,1,4,16,19,1,1,1,0,7139328,107819008,5042768,16,1,0.013521496000000001,42.78146116985364,1232 1233 1234 1235 1236 1237 1238 1239 1240 1241 1242 1243 1244 1245 1246 1247
MCNC,mux,21,1,109,13,1,4,16,19,1,1,0,0,5144576,77299712,0,16,1,0.002636362,85.84309514752947,1248 1249 1250 1251 1252 1253 1254 1255 1256 1257 1258 1259 1260 1261 1262 1263
MCNC,mux,21,1,109,13,1,4,16,19,1,1,1,0,4972544,77103104,0,16,1,0.002645972,85.84309514752947,1264 1265 1266 1267 1268 1269 1270 1271 1272 1273 1274 1275 1276 1277 1278 1279
MCNC,my_adder,33,17,227,49,1,4,16,19,1,1,0,0,13344768,207953920,3144416,16,1,0.041339254,163.82680599646972,1280 1281 1282 1283 1284 1285 1286 1287 1288 1289 1290 1291 1292 1293 1294 1295
MCNC,my_adder,33,17,227,49,1,4,16,19,1,1,1,0,12333056,188919808,3230832,16,1,0.016587912,163.82680599646972,1296 1297 1298 1299 1300 1301 1302 1303 1304 1305 1306 1307 1308 1309 1310 1311
MCNC,pcler8,27,17,116,11,1,4,16,19,1,1,0,0,9043968,122859520,22688,16,1,0.003826145,52.82867668273253,1312 1313 1314 1315 1316 1317 1318 1319 1320 1321 1322 1323 1324 1325 1326 1327
MCNC,pcler8,27,17,116,11,1,4,16,19,1,1,1,0,8036352,111534080,22688,16,1,0.002787395,52.82867668273253,1328 1329 1330 1331 1332 1333 1334 1335 1336 1337 1338 1339 1340 1341 1342 1343
MCNC,seq,41,35,2488,29,1,4,16,19,1,1,0,0,29523968,420511744,7587199830,4,0,120.009927532,0.0,1344 1345 1346 1347 1348 1349 1350 1351 1352 1353 1354 1355 1356 1357 1358 1359
MCNC,seq,41,35,2488,29,1,4,16,19,1,1,1,0,52699136,653336576,10186036080,16,1,41.799613894000004,2256.1385531598876,1360 1361 1362 1363 1364 1365 1366 1367 1368 1369 1370 1371 1372 1373 1374 1375
MCNC,signet,39,8,345,15,1,4,16,19,1,1,0,0,13029376,205815808,294347632,16,1,4.404089864,293.443744862882,1376 1377 1378 1379 1380 1381 1382 1383 1384 1385 1386 1387 1388 1389 1390 1391
MCNC,signet,39,8,345,15,1,4,16,19,1,1,1,0,15974400,247791616,348132080,16,1,1.084029757,293.443744862882,1392 1393 1394 1395 1396 1397 1398 1399 1400 1401 1402 1403 1404 1405 1406 1407
MCNC,t1,21,23,382,17,1,4,16,19,1,1,0,0,6819840,102387712,0,16,1,0.006905314,311.9864452926923,1408 1409 1410 1411 1412 1413 1414 1415 1416 1417 1418 1419 1420 1421 1422 1423
MCNC,t1,21,23,382,17,1,4,16,19,1,1,1,0,6897664,98828288,0,16,1,0.00564043,311.9864452926923,1424 1425 1426 1427 1428 1429 1430 1431 1432 1433 1434 1435 1436 1437 1438 1439
MCNC,term1,34,10,357,16,1,4,16,19,1,1,0,0,18288640,283197440,10645040,16,1,0.078419851,295.4569560418763,1440 1441 1442 1443 1444 1445 1446 1447 1448 1449 1450 1451 1452 1453 1454 1455
MCNC,term1,34,10,357,16,1,4,16,19,1,1,1,0,16293888,247853056,11191568,16,1,0.050686376000000005,295.4569560418763,1456 1457 1458 1459 1460 1461 1462 1463 1464 1465 1466 1467 1468 1469 1470 1471
MCNC,too_large,38,3,866,30,1,4,16,19,1,1,0,0,37748736,590200832,392910048,16,1,9.422786689,749.8901541011242,1472 1473 1474 1475 1476 1477 1478 1479 1480 1481 1482 1483 1484 1485 1486 1487
MCNC,too_large,38,3,866,30,1,4,16,19,1,1,1,0,35110912,404758528,428643952,16,1,5.5548980629999996,749.8901541011242,1488 1489 1490 1491 1492 1493 1494 1495 1496 1497 1498 1499 1500 1501 1502 1503
MCNC,ts10,22,16,249,9,1,4,16,19,1,1,0,0,5935104,84332544,0,16,1,0.0040559129999999995,204.0860472067145,1504 1505 1506 1507 1508 1509 1510 1511 1512 1513 1514 1515 1516 1517 1518 1519
MCNC,ts10,22,16,249,9,1,4,16,19,1,1,1,0,7573504,86552576,0,16,1,0.004490634,204.0860472067145,1520 1521 1522 1523 1524 1525 1526 1527 1528 1529 1530 1531 1532 1533 1534 1535
MCNC,ttt2,24,21,264,11,1,4,16,19,1,1,0,0,14532608,222777344,3536,16,1,0.008028092,208.34765573505086,1536 1537 1538 1539 1540 1541 1542 1543 1544 1545 1546 1547 1548 1549 1550 1551
MCNC,ttt2,24,21,264,11,1,4,16,19,1,1,1,0,14503936,212783104,3792,16,1,0.006205571,208.34765573505086,1552 1553 1554 1555 1556 1557 1558 1559 1560 1561 1562 1563 1564 1565 1566 1567
MCNC,unreg,36,16,165,5,1,4,16,19,1,1,0,0,11546624,180252672,18609952,16,1,0.15093266900000002,109.87139393909487,1568 1569 1570 1571 1572 1573 1574 1575 1576 1577 1578 1579 1580 1581 1582 1583
MCNC,unreg,36,16,165,5,1,4,16,19,1,1,1,0,5926912,88711168,18806560,16,1,0.05975615,109.87139393909487,1584 1585 1586 1587 1588 1589 1590 1591 1592 1593 1594 1595 1596 1597 1598 1599
MCNC,vg2,25,8,191,11,1,4,16,19,1,1,0,0,13086720,199438336,6576,16,1,0.007980375,148.84994028818068,1600 1601 1602 1603 1604 1605 1606 1607 1608 1609 1610 1611 1612 1613 1614 1615
MCNC,vg2,25,8,191,11,1,4,16,19,1,1,1,0,11550720,155631616,7456,16,1,0.005762781,148.84994028818068,1616 1617 1618 1619 1620 1621 1622 1623 1624 1625 1626 1627 1628 1629 1630 1631
MCNC,vtx1,27,6,190,12,1,4,16,19,1,1,0,0,11214848,172863488,29664,16,1,0.005743432,148.8812456754053,1632 1633 1634 1635 1636 1637 1638 1639 1640 1641 1642 1643 1644 1645 1646 1647
MCNC,vtx1,27,6,190,12,1,4,16,19,1,1,1,0,11210752,149450752,42112,16,1,0.004863409,148.8812456754053,1648 1649 1650 1651 1652 1653 1654 1655 1656 1657 1658 1659 1660 1661 1662 1663
MCNC,x1dn,27,6,190,12,1,4,16,19,1,1,0,0,11493376,172904448,29664,16,1,0.005734444,148.8812456754053,1664 1665 1666 1667 1668 1669 1670 1671 1672 1673 1674 1675 1676 1677 1678 1679
MCNC,x1dn,27,6,190,12,1,4,16,19,1,1,1,0,11300864,149331968,42112,16,1,0.005310429,148.8812456754053,1680 1681 1682 1683 1684 1685 1686 1687 1688 1689 1690 1691 1692 1693 1694 1695
MCNC,x6dn,39,5,557,21,1,4,16,19,1,1,0,0,11456512,180060160,461137248,16,1,3.649714557,468.0508240629199,1696 1697 1698 1699 1700 1701 1702 1703 1704 1705 1706 1707 1708 1709 1710 1711
MCNC,x6dn,39,5,557,21,1,4,16,19,1,1,1,0,21020672,323551232,569727328,16,1,2.819013384,468.0508240629199,1712 1713 1714 1715 1716 1717 1718 1719 1720 1721 1722 1723 1724 1725 1726 1727
MCNC,x9dn,27,7,191,12,1,4,16,19,1,1,0,0,11796480,181501952,30080,16,1,0.005460253,148.8812456754053,1728 1729 1730 1731 1732 1733 1734 1735 1736 1737 1738 1739 1740 1741 1742 1743
MCNC,x9dn,27,7,191,12,1,4,16,19,1,1,1,0,11280384,149078016,42112,16,1,0.004871278,148.8812456754053,1744 1745 1746 1747 1748 1749 1750 1751 1752 1753 1754 1755 1756 1757 1758 1759
MCNC,xparc,41,73,5224,47,1,4,16,19,1,1,0,0,43061248,663031808,18096585809,4,0,120.019647037,0.0,1760 1761 1762 1763 1764 1765 1766 1767 1768 1769 1770 1771 1772 1773 1774 1775
MCNC,xparc,41,73,5224,47,1,4,16,19,1,1,1,0,142909440,1930792960,21539895712,16,1,85.315221748,4642.602644464461,1776 1777 1778 1779 1780 1781 1782 1783 1784 1785 1786 1787 1788 1789 1790 1791
